Nr,Date,Time,Ingredient,IsRawMilk,Cells,QValue,Fat,Protein,Lactose,Solids,FFA,Citrate,FrzPoint,SNF,MUN,Casein
13,3/10/2016,15:20:25,peroxide,no,82,92.89,3.58,3.37,4.57,12.51,11,1392,0.564,8.93,30.8,2.61
1,5/10/2016,14:20:14,raw,yes,66,91.26,3.47,3.38,4.59,12.41,39,1317,0.564,8.97,15.2,2.67
3,31/8/2018,11:08:17,bicarbonate,no,895,91.85,3.51,2.98,4.5,11.98,12,1120,0.522,8.63,1.6,2.27
4,22/9/2017,15:41:49,raw,yes,151,86.69,3.4,3.22,4.66,12.23,19,1260,0.541,9.21,10.7,2.49
1,11/10/2016,15:13:43,raw,yes,527,89.41,3.54,3.17,4.53,12.22,60,1442,0.556,8.66,13.5,2.46
16,6/10/2016,13:55:48,formaldehyde,no,80,89.86,3.54,3.38,4.61,12.52,52,1346,0.568,8.99,17.8,2.64
10,12/4/2016,7:52:28,raw,yes,1219,89.85,3.13,3.34,4.07,11.56,34,1555,0.484,8.35,13.8,2.6
10,17/3/2016,9:25:12,raw,yes,647,93.87,3.47,3.3,4.36,12.12,34,1637,0.507,8.6,16.8,2.59
2,10/7/2017,8:21:00,raw,yes,127,82.27,4.07,3.54,4.63,13.25,25,1448,0.554,9.53,14.4,2.78
7,9/8/2017,8:47:52,raw,yes,183,95.98,4.21,3.48,4.66,13.32,22,1452,0.557,9.49,15.1,2.75
5,29/9/2016,14:10:27,starch,no,45,89.66,3.57,3.33,4.63,12.51,54,1344,0.569,8.95,15.1,2.6
9,2/3/2017,10:01:52,raw,yes,503,88.67,3.53,3.31,4.46,12.32,70,1407,0.523,8.82,16.2,2.58
9,22/3/2016,10:07:42,raw,yes,509,93.08,3.54,3.26,4.32,12.11,35,1651,0.504,8.52,15.8,2.53
11,19/9/2016,13:34:17,peroxide,no,183,91.78,3.9,3.31,4.66,12.87,48,1300,0.577,8.96,16.6,2.6
5,9/3/2016,8:46:25,raw,yes,405,97.42,3.4,3.19,4.39,11.99,21,1475,0.506,8.48,6.7,2.5
12,31/8/2018,12:10:55,formaldehyde,no,371,85.32,3.59,2.88,4.69,12.12,91,1796,0.538,8.72,15.2,2.17
4,13/8/2018,14:45:40,sucrose,no,249,90.07,3.78,3.55,5.27,13.5,36,1445,0.602,10.18,18.2,2.87
20,31/8/2018,11:42:34,formaldehyde,no,462,89.01,4.04,3.33,4.64,12.97,74,1506,0.547,9.18,11.8,2.57
8,15/8/2018,8:48:43,bicarbonate,no,278,88.9,4.15,3.33,4.69,13.14,26,1132,0.552,9.31,14.4,2.65
3,31/8/2018,11:21:25,bicarbonate,no,688,93.58,3.44,3.35,4.62,12.38,11,1425,0.538,9.18,3.6,2.55
15,31/8/2018,11:06:38,bicarbonate,no,917,92.81,4.01,3.17,4.44,12.6,26,1506,0.526,8.78,4.7,2.39
3,21/1/2016,13:02:48,raw,yes,777,94.7,3.49,3.24,4.42,12.49,36,1832,0.483,8.83,12.2,2.41
9,16/12/2016,8:25:45,raw,yes,143,91.09,3.69,3.18,4.63,12.48,49,1368,0.57,8.8,12.6,2.46
11,31/8/2018,12:27:48,peroxide,no,1132,93.82,3.5,3.23,4.58,12.29,41,1530,0.532,9,23.6,2.47
1,25/7/2017,8:50:23,raw,yes,168,95.42,4.2,3.44,4.63,13.26,17,1440,0.552,9.43,13.2,2.73
7,20/1/2016,8:17:58,raw,yes,840,88.07,3.3,3.21,4.45,12.25,59,1729,0.484,8.82,10.3,2.38
2,6/6/2016,8:31:49,raw,yes,326,96.95,3.42,3.34,4.33,11.84,56,1650,0.528,8.54,15.4,2.58
10,13/8/2018,14:50:01,bicarbonate,no,262,90.19,4.17,3.34,4.69,13.18,5,1078,0.553,9.31,8.5,2.64
13,26/9/2016,14:00:31,peroxide,no,201,95.36,3.78,3.32,4.63,12.71,58,1400,0.572,8.94,28.1,2.57
5,31/8/2018,12:13:08,peroxide,no,233,86.32,3.85,3.59,4.62,13.07,49,1770,0.545,9.45,14.9,2.75
3,15/9/2016,14:03:32,sucrose,no,11,94.67,2.73,3.35,4.96,11.98,42,1505,0.589,9.32,19.1,2.63
2,18/8/2016,7:53:04,raw,yes,395,91.03,3.37,3.41,4.41,12.24,38,1356,0.545,8.83,11.9,2.67
6,31/8/2018,11:05:17,bicarbonate,no,408,93.06,4.58,3.61,4.7,13.83,19,1420,0.565,9.56,9.2,2.78
5,10/4/2017,8:19:21,raw,yes,181,90.16,3.46,3.37,4.49,12.34,53,1381,0.527,9.11,14.7,2.66
11,5/9/2016,14:11:42,peroxide,no,14,92.94,3.21,3.4,4.63,12.19,45,1321,0.566,9.06,18.4,2.65
16,31/8/2016,14:30:34,formaldehyde,no,38,94.62,3.36,3.4,4.64,12.34,58,1306,0.569,9.06,18.2,2.65
4,26/6/2017,8:45:00,raw,yes,411,86.95,3.73,3.33,4.5,12.59,21,1446,0.532,9.14,15,2.61
4,26/6/2017,9:10:22,raw,yes,374,96.08,3.74,3.34,4.5,12.61,28,1459,0.533,9.15,14.7,2.61
9,14/12/2016,8:00:33,raw,yes,127,86.5,4.13,3.16,4.55,12.86,46,1451,0.567,8.69,16.6,2.42
1,31/8/2018,10:41:41,sucrose,no,887,90.98,4.12,3.42,5.16,13.62,77,1951,0.593,9.84,8.8,2.67
2,21/1/2016,12:59:32,raw,yes,800,94.94,3.49,3.25,4.42,12.5,39,1827,0.484,8.85,11.5,2.42
1,12/5/2017,8:58:56,raw,yes,870,76.18,3.93,3.35,4.48,12.76,36,1422,0.531,9.11,12.4,2.64
2,11/4/2017,10:02:25,raw,yes,331,91.29,3.72,3.35,4.61,12.67,64,1305,0.511,8.89,11,2.75
7,31/8/2018,11:05:26,bicarbonate,no,409,90.59,3.51,3.22,4.63,12.34,14,1498,0.537,9.04,1.6,2.43
13,31/8/2018,11:22:55,bicarbonate,no,456,90.35,4.07,3.23,4.74,13,22,1606,0.555,9.17,4.6,2.43
10,3/9/2018,9:37:36,starch,no,769,91.06,3.62,3.08,4.66,12.29,69,1530,0.54,8.92,3,2.41
1,12/7/2017,8:20:47,raw,yes,72,89.77,4.07,3.54,4.64,13.26,21,1437,0.553,9.54,15.4,2.77
13,31/8/2018,10:46:45,sucrose,no,301,81.29,3.4,2.95,5.23,12.48,86,1787,0.586,9.38,17.6,2.28
4,25/1/2017,7:59:24,raw,yes,163,98.86,3.18,3.14,4.6,11.86,48,1315,0.529,8.78,14.8,2.44
9,19/9/2016,15:29:50,bicarbonate,no,190,90.36,3.8,3.32,4.66,12.78,35,1249,0.576,8.98,13.6,2.59
9,15/12/2017,8:31:25,raw,yes,241,89.37,3.61,3.33,4.66,12.57,17,1400,0.547,9.36,27.6,2.59
11,31/8/2018,11:02:46,sucrose,no,255,79.75,4.21,3.55,5.06,13.74,91,1714,0.591,9.88,17.1,2.8
1,13/1/2016,8:14:22,raw,yes,1042,92.31,3.32,3.27,4.33,11.95,47,1504,0.531,8.57,13.4,2.53
13,31/8/2018,11:54:46,formaldehyde,no,494,84.89,3.6,3.36,4.81,12.74,70,1580,0.557,9.4,18.2,2.6
16,31/8/2018,10:53:44,sucrose,no,357,84.88,3.7,3.2,5.15,12.99,115,1799,0.586,9.58,7.8,2.48
2,31/8/2018,11:36:36,bicarbonate,no,381,89.75,3.86,3.36,4.67,12.89,29,1472,0.547,9.25,5.9,2.53
5,29/9/2016,14:13:15,starch,no,29,87.72,3.55,3.33,4.61,12.47,50,1335,0.568,8.93,16.4,2.6
2,24/10/2016,8:07:02,raw,yes,496,89.73,3.48,3.21,4.56,12.26,47,1415,0.558,8.75,18.8,2.44
2,25/1/2017,8:03:40,raw,yes,152,97.31,3.16,3.15,4.6,11.84,56,1331,0.529,8.79,14.4,2.46
14,16/8/2018,14:55:18,formaldehyde,no,284,86.15,4.13,3.35,4.7,13.15,37,1153,0.552,9.33,14.5,2.66
15,6/8/2018,15:54:08,formaldehyde,no,234,86.03,3.75,3.59,4.73,13.03,32,1165,0.556,9.65,20.9,2.87
9,5/10/2016,14:25:00,bicarbonate,no,67,88.6,3.56,3.41,4.59,12.54,35,1322,0.567,9,14.5,2.66
2,1/12/2016,10:55:59,raw,yes,147,93.06,4.1,3.17,4.54,12.81,60,1450,0.567,8.7,15.4,2.42
2,26/10/2016,10:34:30,raw,yes,315,97.92,3.76,3.3,4.59,12.65,47,1394,0.568,8.89,15.4,2.54
4,21/8/2017,7:58:20,raw,yes,554,86.17,3.81,3.29,4.5,12.61,23,1464,0.534,9.14,12.9,2.57
10,6/8/2018,15:57:30,bicarbonate,no,239,89.65,3.72,3.6,4.75,13.06,12,1115,0.554,9.7,14.9,2.85
1,11/6/2016,12:35:05,raw,yes,351,96.06,3.86,3.27,4.36,12.21,53,1780,0.509,8.48,17.9,2.53
1,23/8/2016,7:59:56,raw,yes,426,89.7,3.67,3.21,4.55,12.4,43,1440,0.559,8.76,9.8,2.49
9,31/8/2018,11:18:58,bicarbonate,no,283,82.5,3.22,3.19,4.53,11.95,20,1286,0.523,8.9,2,2.43
8,31/8/2018,12:37:23,peroxide,no,1487,92.5,4.16,3.44,4.44,13.03,87,1498,0.533,9.09,7.5,2.66
8,21/9/2016,14:01:01,bicarbonate,no,183,92.02,3.88,3.31,4.68,12.87,43,1266,0.579,8.99,13.7,2.59
7,31/8/2018,12:30:39,peroxide,no,562,90.58,4.02,3.47,4.7,13.16,42,1601,0.552,9.41,29.4,2.69
2,10/3/2017,8:29:17,raw,yes,325,96.3,3.3,3.25,4.44,12,49,1328,0.517,8.73,15.4,2.56
2,31/8/2018,10:31:02,sucrose,no,303,86.42,4.12,3.42,5.13,13.58,101,1753,0.594,9.81,5.7,2.67
8,31/8/2018,10:55:47,sucrose,no,311,87.21,4.05,3.17,5.26,13.41,108,2059,0.6,9.66,16.8,2.43
16,3/9/2018,9:14:08,starch,no,743,93.13,3.3,2.97,4.91,12.12,74,1741,0.556,9.06,0.3,2.26
8,31/8/2018,12:34:08,peroxide,no,1310,92.9,3.53,3.42,4.36,12.3,85,1445,0.517,8.98,21.6,2.66
16,6/8/2018,14:08:51,formaldehyde,no,248,88.44,3.75,3.58,4.73,13.02,25,1155,0.556,9.64,16.2,2.86
2,6/6/2016,8:35:48,raw,yes,301,97.14,3.41,3.34,4.34,11.83,63,1640,0.529,8.55,12.8,2.59
10,19/9/2016,13:37:13,bicarbonate,no,8,85.71,2.72,3.39,4.71,11.78,19,1321,0.565,9.1,13.4,2.61
10,9/3/2017,8:25:53,raw,yes,349,83.84,3.49,3.3,4.48,12.27,72,1416,0.524,8.82,12.9,2.6
1,31/8/2016,9:47:27,raw,yes,505,97.35,3.82,3.4,4.49,12.68,35,1352,0.562,8.91,11.7,2.65
9,22/8/2016,16:01:45,bicarbonate,no,52,89.69,3.45,3.39,4.74,12.55,23,1361,0.58,9.16,10.7,2.61
16,29/9/2016,14:12:06,formaldehyde,no,32,90.83,3.6,3.33,4.61,12.51,67,1356,0.569,8.93,16.6,2.6
4,29/4/2016,8:28:21,raw,yes,573,88.91,3.64,3.35,4.23,12.23,35,1572,0.502,8.54,12.1,2.59
5,16/8/2018,14:53:57,starch,no,262,90.02,4.13,3.35,4.72,13.17,31,1170,0.555,9.36,13.1,2.66
9,31/8/2018,12:40:51,peroxide,no,181,83,3.69,3.32,4.73,12.72,42,1541,0.549,9.26,20.9,2.52
4,2/1/2017,9:29:43,raw,yes,577,87.19,3.62,3.25,4.52,12.4,71,1410,0.558,8.76,12.9,2.5
4,1/9/2016,13:12:33,sucrose,no,31,94.87,3.34,3.36,5.15,12.75,55,1571,0.62,9.56,16.2,2.64
5,20/10/2017,9:22:23,raw,yes,280,90.85,3.99,3.2,4.69,12.88,19,1357,0.553,9.24,13.9,2.47
2,22/8/2016,8:36:54,raw,yes,454,89.95,3.67,3.22,4.53,12.39,48,1415,0.559,8.75,11.2,2.49
6,15/9/2016,14:03:59,starch,no,46,92.05,2.75,3.37,4.77,11.83,44,1376,0.571,9.13,13.2,2.61
8,14/8/2018,14:33:07,bicarbonate,no,312,87.12,4.14,3.34,4.7,13.15,29,1146,0.553,9.32,13.3,2.65
10,12/9/2017,12:55:23,raw,yes,617,92.09,3.56,3.28,4.55,12.37,36,1461,0.535,9.17,13.5,2.53
14,31/8/2018,11:58:10,formaldehyde,no,846,92.09,3.39,2.97,4.55,11.91,87,1301,0.524,8.67,7.4,2.27
1,25/2/2016,11:41:04,raw,yes,644,94.35,3.61,3.22,4.48,12.33,50,1829,0.514,8.61,11.05,2.48
1,17/8/2016,7:47:46,raw,yes,372,90.27,3.36,3.41,4.42,12.25,40,1363,0.545,8.84,11.8,2.65
5,23/8/2016,8:00:32,raw,yes,419,90.16,3.67,3.22,4.54,12.41,43,1410,0.56,8.76,9.4,2.49
15,31/8/2018,12:04:51,formaldehyde,no,238,87.6,4.09,3.26,4.79,13.11,86,1641,0.559,9.26,12.9,2.5
16,23/8/2016,14:01:38,formaldehyde,no,58,90.91,3.45,3.38,4.77,12.57,48,1402,0.582,9.19,12.4,2.62
4,16/8/2018,14:56:55,sucrose,no,257,90.61,4.09,3.32,5.23,13.56,44,1409,0.599,9.87,13,2.65
4,13/8/2018,14:51:47,sucrose,no,275,90.14,4.07,3.29,5.22,13.51,37,1407,0.598,9.84,15.1,2.65
1,14/1/2016,10:32:14,raw,yes,819,91.99,3.29,3.18,4.45,12.22,29,1722,0.496,8.79,10.1,2.39
10,31/8/2018,10:38:45,sucrose,no,430,87.47,3.53,2.84,5.07,12.38,80,1579,0.571,9.08,1.8,2.2
6,27/9/2016,13:54:31,starch,no,62,87.57,3.55,3.33,4.68,12.53,45,1349,0.575,9,11.1,2.59
4,3/9/2018,9:15:35,starch,no,1265,93.74,4.44,3.32,4.84,13.54,90,1309,0.57,9.38,4.5,2.6
16,19/9/2016,13:31:12,formaldehyde,no,182,89.63,3.78,3.3,4.7,12.76,54,1304,0.579,8.99,16.7,2.59
10,7/11/2017,12:00:53,raw,yes,203,85.61,4.15,3.17,4.71,13.01,28,1290,0.557,9.22,16.8,2.43
20,31/8/2018,10:44:32,sucrose,no,5226,94.19,4.09,3.05,4.94,13.03,107,2006,0.57,9.19,22.3,2.34
18,31/8/2018,11:52:03,formaldehyde,no,479,89.4,4.06,3.46,4.71,13.18,92,1511,0.556,9.4,17.4,2.67
5,19/9/2016,15:29:14,starch,no,180,90.19,3.82,3.31,4.67,12.79,39,1304,0.577,8.97,14.4,2.59
6,21/12/2016,8:02:26,raw,yes,158,93.22,3.74,3.18,4.63,12.54,44,1369,0.57,8.8,13.2,2.45
8,12/2/2016,15:08:02,raw,yes,669,93.7,3.75,3.27,4.5,12.57,51,1885,0.521,8.9,9.7,2.41
11,31/8/2018,12:00:59,formaldehyde,no,143,83.73,4,3.42,4.84,13.17,67,1613,0.567,9.49,7.8,2.63
3,3/9/2018,9:15:26,starch,no,476,89.21,3.51,3.27,4.94,12.66,79,1648,0.567,9.44,8.9,2.55
8,15/10/2016,9:09:25,raw,yes,535,89.86,3.55,3.19,4.52,12.26,50,1423,0.555,8.68,14.5,2.45
5,22/9/2016,14:04:45,starch,no,190,94.63,3.79,3.32,4.67,12.77,56,1291,0.577,8.98,15,2.6
8,31/8/2016,9:53:53,raw,yes,505,96.78,3.87,3.42,4.5,12.76,57,1342,0.564,8.94,11.6,2.64
12,3/9/2018,9:31:12,starch,no,263,88.48,3.49,3.2,4.94,12.59,79,1489,0.565,9.36,13.5,2.52
1,3/9/2018,9:19:25,starch,no,374,87.92,3.35,3.07,4.91,12.26,75,1440,0.558,9.17,6.8,2.4
7,12/9/2016,11:49:31,starch,no,85,93.36,2.73,3.38,4.78,11.84,57,1383,0.572,9.17,6.5,2.61
1,23/5/2016,11:30:42,raw,yes,376,98.48,3.38,3.28,4.32,11.94,31,1542,0.504,8.51,11.6,2.57
16,19/9/2016,13:35:02,formaldehyde,no,180,89.95,3.79,3.3,4.7,12.78,43,1322,0.579,8.99,16.2,2.59
18,31/8/2018,10:36:41,sucrose,no,226,84.34,3.69,3.07,5.24,12.95,102,1729,0.591,9.53,6.5,2.38
18,31/8/2018,11:17:03,bicarbonate,no,801,90.11,3.63,2.94,4.44,12.01,54,1507,0.517,8.51,2.6,2.18
5,29/8/2016,12:10:43,starch,no,44,82.05,3.34,3.39,4.64,12.32,50,1278,0.569,9.06,14.2,2.64
14,25/8/2016,13:54:23,formaldehyde,no,72,86.67,3.41,3.39,4.76,12.53,57,1418,0.581,9.19,13.2,2.62
16,3/9/2018,9:05:59,starch,no,303,89.05,3.38,3.06,4.92,12.3,78,1565,0.56,9.18,14.1,2.37
17,31/8/2018,11:26:47,bicarbonate,no,1273,94.44,3.09,2.99,4.48,11.56,21,1456,0.514,8.62,11.5,2.25
8,29/3/2016,8:51:42,raw,yes,354,87.34,3.37,3.25,4.34,11.96,46,1630,0.504,8.53,15.8,2.53
9,14/12/2017,9:26:02,raw,yes,241,86.31,3.57,3.34,4.68,12.56,18,1406,0.548,9.39,26.7,2.6
5,23/2/2016,14:40:17,raw,yes,623,91.7,3.63,3.23,4.49,12.37,52,1810,0.515,8.63,9.8,2.49
5,31/1/2017,9:07:02,raw,yes,138,78.49,3.18,3.15,4.61,11.87,43,1317,0.53,8.8,16.3,2.44
7,31/8/2018,10:58:54,sucrose,no,927,91.05,3.23,3.02,4.98,12.17,78,1704,0.562,9.19,0.6,2.33
5,22/12/2017,8:10:31,raw,yes,337,87.63,4.2,3.09,4.61,12.9,23,1523,0.547,9.03,19.4,2.36
4,25/10/2016,8:36:10,raw,yes,501,81.92,3.43,3.17,4.54,12.15,50,1406,0.555,8.69,13.6,2.45
1,31/8/2018,12:06:00,formaldehyde,no,415,90.04,3.5,3.25,4.7,12.43,70,1556,0.543,9.15,13.1,2.51
4,15/9/2016,14:06:29,sucrose,no,6,91.04,2.69,3.33,5.23,12.17,48,1627,0.615,9.58,16.3,2.62
18,31/8/2018,10:54:02,sucrose,no,987,92.04,3.66,3.06,4.98,12.63,109,1808,0.569,9.25,13.3,2.36
10,31/8/2018,11:05:53,bicarbonate,no,680,92.37,3.44,3.04,4.44,11.9,15,1352,0.517,8.64,1.7,2.28
17,31/8/2018,11:51:54,formaldehyde,no,1068,92.21,3.64,3.23,4.67,12.53,90,1611,0.543,9.11,9.9,2.48
10,3/9/2018,9:34:21,starch,no,270,89.78,3.78,3.13,4.87,12.71,72,1608,0.562,9.2,14.1,2.43
14,27/9/2016,13:55:43,formaldehyde,no,32,93.81,3.56,3.33,4.61,12.48,47,1340,0.568,8.93,15.1,2.6
6,25/2/2016,11:41:49,raw,yes,626,94.62,3.62,3.23,4.5,12.37,56,1826,0.516,8.64,11.42,2.47
16,31/8/2018,10:56:59,sucrose,no,454,90.75,4.06,3.27,5,13.28,123,1833,0.579,9.5,20.7,2.55
14,31/8/2018,10:36:05,sucrose,no,932,91.61,3.79,3.53,5.11,13.35,86,1658,0.59,9.91,12.2,2.78
6,16/8/2018,14:57:13,starch,no,374,88.73,4.37,3.34,4.78,13.46,37,1169,0.563,9.42,9.7,2.65
6,31/8/2018,11:15:15,bicarbonate,no,632,92.57,3.44,3.18,4.61,12.22,27,1557,0.533,8.98,10,2.39
2,8/8/2018,14:50:06,sucrose,no,295,84.85,4.13,3.56,4.74,13.38,25,1171,0.561,9.62,18.2,2.85
5,15/9/2016,14:03:50,starch,no,4,81.43,2.73,3.36,4.71,11.77,32,1379,0.565,9.08,18.3,2.63
1,31/8/2018,11:46:15,formaldehyde,no,226,77.51,3.23,3.13,4.71,12.03,88,1781,0.538,9.02,13.9,2.37
7,20/2/2017,8:40:07,raw,yes,289,94.84,3.82,3.2,4.56,12.56,62,1303,0.535,8.79,15,2.49
5,12/12/2016,8:02:53,raw,yes,145,95.82,4.11,3.16,4.53,12.81,44,1458,0.566,8.69,17.2,2.42
7,15/9/2016,7:53:07,raw,yes,448,89.07,3.55,3.16,4.55,12.25,50,1407,0.557,8.67,10,2.45
15,25/8/2016,13:57:32,formaldehyde,no,72,90.52,3.44,3.4,4.76,12.56,50,1421,0.582,9.19,14.1,2.63
9,15/8/2018,8:52:00,bicarbonate,no,294,89.54,4.13,3.34,4.71,13.15,21,1119,0.554,9.34,11.7,2.65
5,5/10/2016,14:20:50,starch,no,76,88.68,3.52,3.4,4.59,12.49,49,1321,0.566,8.99,14.3,2.66
2,15/9/2016,14:03:23,sucrose,no,8,91.67,2.74,3.37,4.75,11.81,39,1404,0.569,9.12,18.3,2.64
13,31/8/2018,11:06:20,bicarbonate,no,376,90.84,3.18,3.17,4.62,11.95,2,1471,0.531,8.98,5.1,2.36
13,8/8/2018,14:51:45,peroxide,no,265,90.32,3.78,3.58,4.68,13,19,1263,0.552,9.59,27.1,2.85
7,9/5/2016,8:19:22,raw,yes,520,93.91,3.63,3.28,4.27,12.19,39,1504,0.503,8.5,9.4,2.53
14,14/9/2016,13:58:49,formaldehyde,no,11,83.53,2.73,3.37,4.68,11.73,38,1374,0.562,9.05,18.6,2.63
3,31/8/2018,11:01:34,sucrose,no,171,76.83,3.47,2.75,4.94,12.12,111,1468,0.557,8.85,7.6,2.12
15,12/9/2016,14:58:56,formaldehyde,no,10,93.06,2.73,3.36,4.7,11.74,37,1375,0.564,9.06,17.8,2.63
11,15/8/2018,8:52:18,peroxide,no,266,87.91,4.13,3.33,4.68,13.12,29,1148,0.551,9.3,16.3,2.65
1,31/8/2018,12:42:55,peroxide,no,325,87.24,3.62,3.21,4.64,12.43,36,1557,0.541,9.05,26.7,2.45
5,15/4/2016,8:13:29,raw,yes,735,92.93,3.83,3.29,4.28,12.41,30,1644,0.506,8.52,13.3,2.54
4,19/1/2016,8:49:53,raw,yes,839,94.2,3.28,3.18,4.46,12.24,35,1757,0.486,8.82,9,2.38
10,23/11/2017,9:31:18,raw,yes,610,83.12,3.39,3.2,4.53,12.13,22,1393,0.531,9.08,12.6,2.45
4,29/7/2016,10:46:53,raw,yes,388,94,3.38,3.42,4.42,12.16,9,1309,0.544,8.78,7.9,2.66
5,8/11/2016,9:29:38,raw,yes,323,96.02,3.74,3.29,4.62,12.65,44,1422,0.57,8.9,18.5,2.55
19,31/8/2018,12:18:30,peroxide,no,545,89.31,3.75,3.27,4.51,12.52,97,1763,0.53,8.97,14.9,2.45
4,26/1/2017,7:58:09,raw,yes,165,95.36,3.17,3.13,4.58,11.83,42,1314,0.527,8.76,15.5,2.44
5,25/8/2016,13:56:02,starch,no,56,91.21,3.45,3.39,4.78,12.59,39,1406,0.584,9.2,11.8,2.62
2,21/10/2016,14:35:17,raw,yes,489,94.9,3.44,3.17,4.54,12.15,55,1387,0.555,8.68,16.1,2.45
16,23/8/2016,14:06:25,formaldehyde,no,47,93.75,3.39,3.38,4.77,12.51,47,1407,0.582,9.18,12.4,2.61
1,16/5/2016,9:05:44,raw,yes,483,91.84,3.6,3.27,4.27,12.16,39,1550,0.502,8.5,9.7,2.53
13,29/9/2016,14:14:27,peroxide,no,20,87.63,3.52,3.32,4.6,12.41,29,1424,0.565,8.9,27.7,2.56
10,29/8/2016,14:27:17,bicarbonate,no,35,82.26,3.24,3.41,4.64,12.24,16,1201,0.568,9.08,11.4,2.63
2,6/12/2017,11:49:16,raw,yes,239,86.01,3.6,3.33,4.65,12.61,21,1364,0.547,9.37,29.1,2.59
1,6/1/2016,9:27:37,raw,yes,494,92.55,3.34,3.3,4.59,12.23,46,1674,0.518,8.83,11,2.5
1,9/3/2016,8:36:58,raw,yes,666,96.95,3.4,3.14,4.33,11.88,40,1655,0.5,8.36,12.3,2.44
5,22/8/2016,13:37:51,starch,no,58,96.08,3.43,3.38,4.76,12.54,39,1396,0.581,9.17,11.9,2.62
8,3/9/2018,9:20:27,starch,no,898,92.62,3.53,3.42,4.95,12.84,74,1526,0.569,9.61,0.2,2.67
10,16/8/2017,8:24:53,raw,yes,631,92.75,3.78,3.31,4.52,12.61,27,1459,0.535,9.15,12.9,2.58
1,9/10/2017,11:00:15,raw,yes,129,84.86,3.38,3.22,4.68,12.23,19,1357,0.538,9.24,10.3,2.51
16,31/8/2018,12:38:35,peroxide,no,488,92.9,3.63,3.18,4.56,12.35,44,1687,0.532,8.92,27,2.38
6,16/2/2017,8:18:19,raw,yes,325,96.47,3.76,3.18,4.55,12.48,47,1340,0.533,8.77,13.6,2.49
1,1/9/2016,13:15:26,raw,yes,29,92.24,3.3,3.38,4.63,12.27,44,1298,0.567,9.04,14.2,2.65
1,3/9/2018,9:39:31,starch,no,541,91.49,3.35,3.03,4.89,12.19,68,1452,0.556,9.11,8.4,2.36
8,14/3/2016,8:48:47,raw,yes,427,96.13,3.44,3.22,4.39,12.05,27,1452,0.506,8.51,7.1,2.49
8,12/5/2016,7:57:27,raw,yes,561,85.73,3.64,3.28,4.28,12.2,32,1522,0.504,8.5,9.9,2.53
6,3/10/2016,14:11:34,starch,no,162,75.67,3.06,3.34,4.7,12.07,64,1364,0.569,9.04,11.6,2.59
14,31/8/2018,10:39:21,sucrose,no,881,90.6,3.72,3.23,4.91,12.82,94,1767,0.565,9.36,15.7,2.52
1,12/8/2017,7:48:52,raw,yes,186,93.97,4.19,3.47,4.64,13.27,22,1462,0.555,9.46,13.2,2.75
5,6/2/2017,8:18:58,raw,yes,158,95.52,3.19,3.15,4.6,11.88,55,1331,0.529,8.8,16.1,2.45
8,8/7/2016,12:57:54,raw,yes,414,96.69,3.86,3.3,4.3,12.46,9,1404,0.354,8.54,14.5,2.54
16,13/8/2018,14:47:47,formaldehyde,no,238,83.61,3.74,3.58,4.77,13.03,30,1211,0.557,9.67,19.5,2.88
4,7/8/2017,10:06:14,raw,yes,167,95.45,4.21,3.47,4.65,13.31,21,1466,0.556,9.48,13.5,2.74
5,22/8/2017,8:03:07,raw,yes,587,83.31,3.8,3.29,4.52,12.62,25,1472,0.536,9.17,11.7,2.57
10,3/5/2017,9:09:38,raw,yes,510,89.02,3.97,3.35,4.44,12.8,23,1312,0.528,8.86,12.3,2.6
1,31/8/2018,11:21:07,bicarbonate,no,246,88.22,3.38,2.83,4.6,11.8,12,1148,0.527,8.58,1.2,2.14
14,3/9/2018,9:05:41,starch,no,436,90.98,3.86,2.91,4.9,12.61,86,1656,0.561,8.97,19.6,2.24
1,9/10/2017,12:33:35,raw,yes,280,90.01,3.98,3.22,4.68,12.83,15,1340,0.551,9.22,13.2,2.5
8,25/2/2017,10:55:17,raw,yes,494,90.67,3.52,3.32,4.48,12.32,74,1434,0.525,8.85,15.6,2.6
8,31/8/2018,12:00:32,formaldehyde,no,293,87.65,3.85,3.27,4.63,12.71,95,1486,0.543,9.1,15.9,2.51
3,16/2/2017,8:17:53,raw,yes,281,95.39,3.75,3.17,4.55,12.46,45,1328,0.533,8.75,14,2.5
12,31/8/2018,10:59:39,sucrose,no,335,90.03,4.14,3.5,5.18,13.73,81,1853,0.6,9.95,15.1,2.74
10,31/8/2018,10:43:02,sucrose,no,656,90.81,3.51,3.14,5.1,12.71,91,1606,0.577,9.46,6.4,2.46
13,6/10/2016,13:55:21,peroxide,no,67,90.48,3.57,3.38,4.57,12.49,20,1421,0.564,8.94,28.9,2.6
18,31/8/2018,12:35:38,peroxide,no,248,86.53,3.79,3.2,4.67,12.65,57,1782,0.543,9.07,21.8,2.41
8,23/3/2017,8:33:39,raw,yes,281,94.57,3.32,3.26,4.46,12.05,48,1334,0.518,8.92,16.7,2.61
1,20/4/2016,9:32:52,raw,yes,1561,90.9,3.74,3.31,4.18,12.24,37,1837,0.497,8.45,8.1,2.55
4,9/8/2016,8:23:10,raw,yes,407,90.52,3.39,3.41,4.41,12.26,61,1334,0.546,8.84,10.8,2.67
15,3/9/2018,9:10:43,starch,no,650,92.58,3.74,3.26,4.79,12.74,93,1527,0.556,9.27,7.4,2.53
10,1/12/2016,10:58:41,raw,yes,118,93.64,4.11,3.15,4.54,12.8,47,1466,0.567,8.68,15.3,2.42
9,31/8/2018,11:54:10,formaldehyde,no,296,86.12,2.84,2.91,4.58,11.3,64,1256,0.519,8.64,11,2.24
1,26/4/2017,8:32:14,raw,yes,655,90.99,3.92,3.36,4.4,12.61,80,1463,0.526,8.67,18.4,2.59
4,22/9/2017,15:37:37,raw,yes,162,82.51,3.4,3.22,4.66,12.23,14,1268,0.541,9.2,9.3,2.49
1,19/9/2016,13:35:52,raw,yes,8,85.53,2.7,3.36,4.7,11.71,41,1389,0.563,9.05,16.1,2.62
7,25/1/2017,8:04:25,raw,yes,142,94.38,3.18,3.15,4.59,11.86,60,1319,0.529,8.79,16.2,2.45
5,14/8/2017,13:19:06,raw,yes,583,86.53,3.77,3.31,4.53,12.59,29,1469,0.536,9.16,12.3,2.59
4,4/10/2016,11:58:09,raw,yes,164,92.23,3.33,3.42,4.61,12.33,56,1410,0.565,9.03,14.8,2.65
10,2/5/2016,9:08:23,raw,yes,654,90.96,3.64,3.34,4.25,12.23,39,1621,0.503,8.55,9.1,2.58
6,13/1/2016,8:15:07,raw,yes,1072,92.86,3.37,3.28,4.33,12.01,45,1480,0.529,8.56,14.7,2.53
2,20/12/2016,8:47:41,raw,yes,125,90.58,3.72,3.18,4.64,12.53,47,1322,0.571,8.82,12.3,2.45
2,11/10/2016,15:10:48,raw,yes,499,90.6,3.56,3.17,4.54,12.26,58,1426,0.557,8.67,12.9,2.46
3,30/10/2017,11:14:16,raw,yes,132,82.53,3.72,3.23,4.74,12.67,21,1424,0.554,9.32,14.7,2.47
12,8/8/2018,14:51:36,peroxide,no,274,89.8,3.83,3.57,4.7,13.06,31,1215,0.554,9.6,19.7,2.86
10,4/10/2016,10:34:19,raw,yes,180,92.35,3.31,3.41,4.6,12.3,40,1423,0.563,9.01,13.9,2.65
1,29/3/2017,8:07:52,raw,yes,232,93.2,3.44,3.36,4.47,12.27,42,1393,0.523,9.06,12.3,2.65
8,31/8/2018,12:10:19,formaldehyde,no,192,78.68,2.63,3.21,4.72,11.53,50,1587,0.533,9.13,2.5,2.46
10,14/8/2018,14:36:30,bicarbonate,no,285,91.8,4.16,3.36,4.7,13.19,16,1101,0.554,9.35,7,2.64
1,21/10/2016,14:30:50,raw,yes,476,94.39,3.43,3.16,4.53,12.12,46,1387,0.555,8.67,14.8,2.45
5,26/7/2017,8:06:36,raw,yes,174,95.93,4.2,3.46,4.64,13.27,18,1447,0.555,9.45,14,2.73
4,21/6/2017,9:47:19,raw,yes,410,87.62,3.73,3.33,4.48,12.58,26,1445,0.531,9.13,15.9,2.61
9,31/8/2018,10:55:56,sucrose,no,433,90.85,3.76,3.33,5.17,13.16,81,1830,0.592,9.75,3.9,2.6
5,31/8/2016,14:28:55,starch,no,38,93.23,3.33,3.39,4.65,12.32,43,1290,0.569,9.07,14.5,2.64
16,14/8/2018,14:37:24,formaldehyde,no,373,88.64,4.43,3.31,4.71,13.42,37,1166,0.557,9.3,13.4,2.64
1,15/3/2016,8:51:19,raw,yes,401,97.62,3.33,3.2,4.38,11.89,26,1509,0.505,8.52,7,2.49
1,22/7/2016,7:51:34,raw,yes,257,91.67,3.88,3.33,4.45,12.6,9,1408,0.552,8.71,6.7,2.59
17,3/9/2018,9:21:48,starch,no,1161,94.4,3.67,3,4.52,12.15,92,1547,0.527,8.68,10.8,2.31
8,16/8/2018,14:57:31,bicarbonate,no,260,90.73,4.14,3.34,4.68,13.13,25,1122,0.551,9.3,11.9,2.65
5,16/12/2016,8:18:41,raw,yes,136,86.46,3.7,3.18,4.64,12.51,42,1364,0.571,8.82,12.1,2.46
4,13/8/2018,14:49:07,sucrose,no,252,90.66,4.07,3.29,5.2,13.48,35,1395,0.596,9.81,13.4,2.65
12,1/9/2016,13:17:05,peroxide,no,22,94.95,3.23,3.4,4.62,12.19,38,1374,0.565,9.05,21.4,2.65
20,31/8/2018,11:23:58,bicarbonate,no,203,87.15,3.52,3.28,4.62,12.38,20,1317,0.538,9.1,5.9,2.5
7,10/8/2017,8:09:29,raw,yes,170,96.37,4.19,3.48,4.65,13.3,24,1457,0.556,9.48,14.9,2.75
13,29/8/2016,14:20:42,peroxide,no,62,86.79,3.41,3.39,4.75,12.51,27,1517,0.58,9.17,24,2.59
11,31/8/2018,12:04:15,formaldehyde,no,508,87.14,3.93,3.44,4.69,13.03,96,1370,0.552,9.36,7.5,2.66
3,1/8/2017,8:48:08,raw,yes,170,94.4,4.19,3.47,4.64,13.27,21,1432,0.555,9.47,12.9,2.75
2,18/4/2016,10:00:10,raw,yes,1637,93.26,3.73,3.34,4.15,12.22,40,1793,0.497,8.44,11.6,2.56
4,3/10/2016,10:54:40,raw,yes,164,73.35,3.49,3.44,4.61,12.53,52,1427,0.568,9.05,15.6,2.69
15,30/8/2016,14:16:18,formaldehyde,no,60,78.38,3.35,3.39,4.64,12.33,48,1284,0.569,9.05,17.7,2.64
19,31/8/2018,12:02:11,formaldehyde,no,408,87.44,3.21,2.96,4.33,11.5,81,1347,0.501,8.42,3.1,2.25
8,10/10/2016,15:33:05,bicarbonate,no,16,81.19,3.57,3.4,4.58,12.53,43,1337,0.566,8.98,15.3,2.65
7,7/10/2016,8:51:48,raw,yes,152,91.5,3.33,3.43,4.58,12.31,43,1433,0.563,9.01,15.1,2.65
3,19/4/2017,8:56:41,raw,yes,354,91.3,3.93,3.38,4.62,12.85,37,1298,0.51,8.93,14.8,2.61
10,1/4/2016,8:35:39,raw,yes,391,95.79,3.38,3.27,4.32,11.96,37,1548,0.503,8.53,18.7,2.54
10,7/6/2017,10:15:28,raw,yes,350,91.82,3.44,3.45,4.56,12.42,18,1322,0.536,9.34,15.7,2.71
6,15/8/2018,8:51:33,starch,no,392,90.65,4.34,3.32,4.79,13.41,36,1169,0.563,9.4,9.7,2.64
10,31/8/2018,12:34:26,peroxide,no,744,94.16,4.05,3.63,4.47,13.11,13,1587,0.537,9.34,27,2.78
10,15/8/2018,8:49:01,bicarbonate,no,278,88.72,4.18,3.36,4.71,13.22,11,1090,0.554,9.35,9.3,2.62
1,25/11/2016,10:15:03,raw,yes,180,93.46,3.62,3.31,4.65,12.57,40,1455,0.574,8.98,18.6,2.55
9,6/10/2016,13:59:09,bicarbonate,no,52,91.03,3.56,3.4,4.6,12.53,36,1337,0.568,8.99,14.1,2.63
18,3/9/2018,9:32:06,starch,no,454,92.09,4.23,3.35,4.84,13.34,70,1592,0.569,9.41,15.5,2.62
14,19/9/2016,15:30:35,formaldehyde,no,176,88.73,3.72,3.31,4.67,12.7,40,1285,0.575,8.98,16.7,2.59
2,22/9/2016,14:04:18,sucrose,no,171,93.2,3.7,3.3,4.72,12.7,51,1328,0.579,9.01,14.5,2.6
5,18/3/2016,11:10:01,raw,yes,511,92.35,3.55,3.26,4.31,12.1,31,1642,0.504,8.5,15.1,2.53
6,10/3/2017,9:53:23,raw,yes,289,94.29,3.29,3.24,4.44,11.97,48,1322,0.517,8.72,14.1,2.56
2,9/8/2016,8:22:52,raw,yes,413,93.03,3.36,3.41,4.4,12.22,61,1355,0.544,8.82,11.5,2.67
12,12/9/2016,11:50:16,peroxide,no,11,92.21,2.73,3.36,4.69,11.74,19,1423,0.563,9.05,25.4,2.61
3,31/8/2018,12:03:03,formaldehyde,no,425,91.22,3.79,3.37,4.74,12.88,96,1572,0.552,9.32,23.2,2.58
8,25/7/2016,8:07:28,raw,yes,265,90.91,3.9,3.35,4.45,12.66,13,1409,0.554,8.74,8.39,2.58
11,29/9/2016,14:14:09,peroxide,no,31,88.14,3.56,3.34,4.6,12.49,59,1323,0.567,8.93,16.6,2.6
2,7/11/2016,8:08:20,raw,yes,323,97.51,3.71,3.3,4.62,12.61,52,1424,0.57,8.91,16.6,2.56
4,5/1/2017,9:01:16,raw,yes,162,92.75,3.67,3.11,4.58,12.35,35,1385,0.563,8.68,12.6,2.4
13,31/8/2018,12:17:36,peroxide,no,376,90.4,3.86,3.06,4.55,12.47,38,1607,0.532,8.78,25.1,2.32
8,22/8/2016,15:53:47,bicarbonate,no,39,82.72,3.42,3.38,4.74,12.52,38,1369,0.58,9.16,12,2.61
4,21/12/2016,10:08:30,raw,yes,149,90.16,3.74,3.17,4.64,12.54,53,1373,0.571,8.8,12.8,2.43
3,23/2/2017,7:52:57,raw,yes,466,92.55,3.52,3.3,4.47,12.3,63,1414,0.523,8.81,13.3,2.6
18,31/8/2018,11:07:05,bicarbonate,no,627,90.65,4.01,3.44,4.47,12.92,34,1563,0.533,9.12,9,2.61
2,22/9/2016,14:08:19,sucrose,no,175,91.02,3.73,3.31,4.73,12.75,43,1356,0.581,9.03,15.8,2.6
18,22/8/2016,13:40:03,peroxide,no,56,94,3.39,3.37,4.72,12.45,26,1431,0.576,9.12,19.4,2.59
2,25/7/2017,8:55:49,raw,yes,162,96.35,4.2,3.46,4.63,13.27,20,1422,0.554,9.45,12.1,2.75
7,11/4/2017,8:36:42,raw,yes,169,84.52,3.48,3.56,4.5,12.57,40,1287,0.528,9.1,44.4,2.75
1,28/9/2016,13:56:02,raw,yes,24,80.7,3.5,3.32,4.61,12.41,44,1360,0.567,8.92,14.8,2.62
3,21/6/2017,9:50:13,raw,yes,434,85.88,3.75,3.33,4.49,12.6,25,1434,0.532,9.12,15.8,2.6
12,6/10/2016,13:55:12,peroxide,no,78,92.68,3.6,3.39,4.56,12.52,43,1387,0.565,8.95,20,2.65
4,29/3/2017,8:08:20,raw,yes,231,91.01,3.46,3.37,4.48,12.32,46,1377,0.526,9.1,13.3,2.65
4,5/10/2016,14:20:41,sucrose,no,85,91.07,3.47,3.37,5.12,12.9,57,1586,0.618,9.51,15.2,2.65
6,24/8/2016,8:04:53,raw,yes,466,88.21,3.68,3.23,4.55,12.44,49,1421,0.561,8.78,8.8,2.49
11,13/8/2018,14:52:50,peroxide,no,249,90.17,4.11,3.32,4.69,13.09,27,1142,0.551,9.29,14.5,2.65
3,18/2/2016,14:36:13,raw,yes,440,95.27,3.75,3.18,4.38,12.29,28,1823,0.509,8.47,13.2,2.49
3,2/2/2017,8:07:39,raw,yes,152,81.45,3.17,3.14,4.59,11.84,45,1315,0.527,8.77,15,2.45
4,4/10/2016,14:09:49,sucrose,no,83,93.06,3.49,3.36,5.12,12.91,51,1563,0.618,9.5,15.6,2.66
3,26/2/2016,11:35:50,raw,yes,688,98.54,3.42,3.15,4.31,11.89,33,1636,0.5,8.35,12.8,2.44
14,15/8/2018,8:49:37,formaldehyde,no,282,86.97,4.11,3.33,4.69,13.1,33,1162,0.551,9.29,15.7,2.65
3,29/4/2016,8:28:12,raw,yes,522,88.6,3.63,3.36,4.24,12.24,37,1584,0.502,8.56,10.6,2.59
10,7/8/2018,15:26:14,bicarbonate,no,210,86.91,3.71,3.65,4.8,13.12,13,1161,0.56,9.8,14.5,2.88
3,31/8/2018,10:34:26,sucrose,no,402,88.62,4.13,3.48,5.25,13.78,106,1793,0.606,10.01,15.1,2.72
5,25/10/2016,8:36:19,raw,yes,438,74.64,3.43,3.17,4.54,12.15,49,1410,0.555,8.68,14.8,2.45
10,5/5/2016,8:48:10,raw,yes,481,93.14,3.63,3.27,4.26,12.17,35,1502,0.503,8.48,10.8,2.53
1,19/6/2017,8:47:05,raw,yes,366,84.66,3.42,3.45,4.54,12.42,20,1337,0.536,9.33,15.2,2.72
14,28/9/2016,13:57:59,formaldehyde,no,34,84.09,3.54,3.33,4.6,12.46,54,1347,0.567,8.93,16,2.6
12,31/8/2018,11:44:38,formaldehyde,no,516,88.47,3.58,3.31,4.69,12.55,83,1446,0.545,9.21,13,2.54
10,31/8/2018,12:13:53,peroxide,no,621,93.92,3.83,3.36,4.62,12.77,46,1716,0.543,9.19,25.7,2.55
10,15/8/2018,8:52:09,bicarbonate,no,282,89.13,4.17,3.36,4.71,13.21,12,1088,0.555,9.36,9.6,2.63
2,21/6/2017,9:50:04,raw,yes,406,84.46,3.74,3.33,4.49,12.59,27,1442,0.532,9.13,16.8,2.61
14,9/8/2018,14:17:02,formaldehyde,no,247,84.91,3.71,3.6,4.73,13,29,1190,0.555,9.66,21.3,2.86
10,10/3/2017,9:53:59,raw,yes,322,95.47,3.29,3.24,4.44,11.96,53,1288,0.516,8.71,14.8,2.58
15,4/10/2016,14:11:27,formaldehyde,no,82,92.09,3.58,3.4,4.6,12.56,49,1291,0.568,9,17.1,2.66
5,30/3/2016,9:29:27,raw,yes,368,91.48,3.36,3.27,4.32,11.94,39,1567,0.503,8.53,18.3,2.55
3,29/9/2016,10:18:09,raw,yes,115,86.29,3.76,3.44,4.61,12.79,46,1397,0.573,9.05,15.7,2.69
5,12/12/2017,10:40:30,raw,yes,244,88.35,3.58,3.33,4.66,12.59,22,1392,0.548,9.37,28.5,2.58
5,29/9/2016,8:24:02,raw,yes,187,87.07,3.7,3.48,4.48,12.65,34,1422,0.559,8.95,15.6,2.72
7,15/12/2017,8:31:07,raw,yes,250,87.85,3.62,3.33,4.67,12.58,15,1408,0.548,9.36,28.7,2.59
5,9/9/2016,15:07:20,raw,yes,441,96.72,3.82,3.38,4.51,12.71,43,1367,0.563,8.88,13.1,2.65
6,21/1/2016,9:27:09,raw,yes,845,79.24,3.29,3.2,4.45,12.25,41,1744,0.483,8.83,10.6,2.39
6,29/9/2016,10:18:36,raw,yes,138,87.57,3.75,3.44,4.61,12.79,53,1405,0.573,9.06,14,2.67
3,3/10/2017,8:29:00,raw,yes,154,87.46,3.4,3.24,4.68,12.28,20,1298,0.544,9.25,10.1,2.49
1,8/1/2016,9:33:08,raw,yes,438,91.36,3.31,3.28,4.58,12.18,40,1661,0.517,8.84,10.7,2.55
16,5/9/2016,14:12:27,formaldehyde,no,22,97.92,3.34,3.39,4.63,12.3,56,1332,0.567,9.04,18.3,2.64
10,20/9/2016,14:53:10,bicarbonate,no,173,92.52,3.88,3.33,4.69,12.89,13,1220,0.58,9.01,12,2.57
11,31/8/2018,11:06:02,bicarbonate,no,423,88.72,3.47,3.42,4.56,12.44,26,1523,0.533,9.2,5,2.61
4,18/3/2016,11:09:51,raw,yes,509,92.61,3.56,3.26,4.32,12.13,35,1624,0.505,8.52,14.1,2.53
8,22/9/2016,14:05:12,bicarbonate,no,168,94.03,3.9,3.32,4.68,12.89,50,1269,0.579,8.99,14.9,2.58
9,31/8/2018,11:40:55,formaldehyde,no,198,86.59,3.5,3.11,4.8,12.36,68,1422,0.551,9.11,11.6,2.39
10,31/8/2018,10:46:18,sucrose,no,552,89.74,3.63,3.23,5.07,12.84,90,1730,0.58,9.53,8.8,2.51
2,31/8/2018,11:24:32,bicarbonate,no,1524,94.85,3.18,3.22,4.53,11.93,15,1464,0.523,8.93,1.7,2.42
3,22/9/2016,14:08:28,sucrose,no,169,92.64,3.71,3.29,4.95,12.93,49,1458,0.603,9.25,15.6,2.59
7,22/8/2016,15:57:44,starch,no,131,91.56,3.44,3.38,4.85,12.63,59,1416,0.59,9.27,0.2,2.58
14,8/8/2018,14:51:54,formaldehyde,no,219,83.2,3.73,3.58,4.75,13.02,33,1190,0.557,9.67,18.4,2.87
20,31/8/2018,12:05:36,formaldehyde,no,223,88.34,3.87,3.28,4.76,12.9,81,1631,0.555,9.26,13.6,2.51
2,7/2/2017,8:25:46,raw,yes,174,95.89,3.15,3.14,4.61,11.84,48,1349,0.529,8.79,16.3,2.46
6,3/9/2018,9:15:53,starch,no,819,93.45,3.83,3.25,4.57,12.61,82,1497,0.537,9.01,13.7,2.51
5,12/9/2016,9:13:41,raw,yes,434,93.03,3.56,3.16,4.54,12.25,58,1400,0.557,8.66,10.1,2.44
10,8/7/2016,12:58:12,raw,yes,382,96.8,3.86,3.31,4.31,12.47,11,1386,0.355,8.55,12,2.54
9,31/8/2018,11:28:50,bicarbonate,no,538,90.46,5.37,3.84,4.52,14.68,38,1217,0.563,9.64,10.7,3
10,17/10/2016,8:22:47,raw,yes,468,81.86,3.56,3.18,4.53,12.27,60,1441,0.556,8.68,12.7,2.45
3,5/6/2017,11:33:18,raw,yes,350,93.4,3.44,3.45,4.58,12.45,20,1302,0.538,9.36,15.6,2.71
4,24/2/2016,8:31:28,raw,yes,0,100,3.63,3.24,4.49,12.37,54,1814,0.515,8.63,11,2.48
2,2/2/2017,8:07:30,raw,yes,178,81.13,3.16,3.14,4.6,11.84,47,1307,0.528,8.78,14.9,2.44
2,13/4/2016,8:28:04,raw,yes,740,91.79,3.81,3.3,4.3,12.39,31,1674,0.506,8.53,13.3,2.57
10,14/8/2017,13:21:20,raw,yes,590,89.09,3.75,3.3,4.52,12.55,25,1455,0.534,9.14,11.9,2.59
3,16/11/2017,11:44:45,raw,yes,165,80.89,4.12,3.17,4.7,12.97,22,1296,0.558,9.23,15.2,2.44
14,31/8/2018,11:51:27,formaldehyde,no,414,87.44,3.09,2.97,4.8,11.85,95,1365,0.541,8.94,11.2,2.26
2,5/7/2017,9:38:13,raw,yes,158,92.84,4.06,3.54,4.64,13.25,20,1429,0.555,9.54,14.2,2.8
8,31/8/2018,11:15:33,bicarbonate,no,201,79.61,3.28,3.15,4.58,11.97,11,1639,0.529,8.91,16.6,2.37
10,13/4/2017,8:19:39,raw,yes,333,91.73,3.77,3.32,4.6,12.7,25,1305,0.509,8.84,11.6,2.71
9,25/2/2016,11:42:16,raw,yes,579,94.67,3.64,3.24,4.5,12.4,59,1831,0.516,8.64,11.26,2.47
9,21/12/2016,8:02:53,raw,yes,131,90.09,3.74,3.18,4.64,12.54,49,1358,0.571,8.8,12.6,2.45
6,12/9/2017,10:39:37,raw,yes,445,85.02,3.95,3.23,4.58,12.76,27,1361,0.541,9.13,12.4,2.5
12,31/8/2018,11:19:25,bicarbonate,no,1226,94.19,3.79,3.38,4.38,12.54,40,1489,0.522,8.96,11.2,2.57
16,10/10/2016,15:34:17,formaldehyde,no,63,88.14,3.57,3.39,4.58,12.52,71,1363,0.566,8.96,17.5,2.65
9,6/9/2016,15:51:05,raw,yes,438,96.24,3.86,3.4,4.49,12.73,48,1339,0.563,8.92,10.2,2.64
4,6/6/2016,12:17:26,raw,yes,331,96.39,3.44,3.34,4.33,11.85,56,1620,0.529,8.54,14.4,2.59
11,22/8/2016,15:54:14,peroxide,no,52,92.55,3.43,3.38,4.73,12.5,48,1399,0.578,9.13,13.1,2.6
6,26/9/2016,13:00:26,starch,no,92,94.71,3.57,3.33,4.66,12.53,51,1334,0.573,8.98,9.8,2.59
10,7/12/2016,8:08:16,raw,yes,136,94.38,4.12,3.16,4.52,12.82,47,1443,0.566,8.68,15.2,2.42
7,26/9/2016,13:00:35,starch,no,148,94.61,3.64,3.34,4.71,12.66,58,1359,0.579,9.04,6.4,2.59
7,31/8/2018,12:13:26,peroxide,no,1095,93.04,4.19,3.15,4.63,12.95,73,1934,0.545,8.97,15.5,2.36
4,8/2/2017,14:09:36,raw,yes,297,96.18,3.79,3.15,4.53,12.44,42,1305,0.531,8.72,12.7,2.46
10,22/9/2016,14:05:30,bicarbonate,no,168,93.06,3.85,3.33,4.68,12.86,32,1193,0.579,9.01,11.6,2.58
12,31/8/2018,11:47:54,formaldehyde,no,887,90.63,3.74,3.49,4.75,12.95,83,1629,0.555,9.48,13.9,2.68
1,20/2/2017,8:34:03,raw,yes,288,95.35,3.77,3.18,4.56,12.49,50,1334,0.534,8.77,12.8,2.5
3,29/8/2016,12:14:54,sucrose,no,44,88,3.31,3.38,4.89,12.5,52,1413,0.594,9.31,14.1,2.66
16,5/9/2016,14:09:08,formaldehyde,no,29,94.69,3.36,3.4,4.65,12.36,52,1325,0.571,9.09,16.1,2.65
4,31/8/2018,12:09:43,formaldehyde,no,513,88.57,3.85,3.55,4.57,12.94,78,1617,0.542,9.35,8,2.74
8,13/6/2016,10:06:47,raw,yes,326,97.84,3.87,3.16,4.44,12.21,100,2052,0.517,8.45,0.8,2.42
2,10/1/2017,9:03:07,raw,yes,130,84.74,3.59,3.12,4.61,12.29,35,1403,0.565,8.71,11.7,2.42
10,14/2/2017,7:53:19,raw,yes,334,97.17,3.78,3.16,4.52,12.43,50,1286,0.531,8.72,12,2.47
1,18/4/2017,13:17:19,raw,yes,370,92.02,3.87,3.36,4.59,12.8,30,1297,0.51,8.86,10.6,2.65
13,21/9/2016,14:01:46,peroxide,no,139,85.95,3.85,3.3,4.65,12.79,28,1379,0.575,8.93,28.4,2.56
10,13/8/2018,14:41:11,bicarbonate,no,245,91.22,4.18,3.34,4.71,13.21,10,1075,0.554,9.34,8.4,2.62
2,31/8/2018,12:43:04,peroxide,no,787,94.17,3.69,3.29,4.58,12.52,59,1681,0.536,9.07,18.9,2.5
3,21/8/2017,7:58:11,raw,yes,565,85.28,3.81,3.28,4.51,12.62,22,1468,0.535,9.14,11.8,2.57
7,5/9/2016,14:11:06,starch,no,53,90,3.36,3.4,4.76,12.46,54,1336,0.581,9.2,9.3,2.62
4,6/1/2016,9:28:04,raw,yes,477,92.68,3.33,3.3,4.58,12.21,43,1679,0.518,8.83,10.3,2.5
10,30/8/2016,14:15:33,bicarbonate,no,51,79.17,3.22,3.41,4.67,12.25,11,1231,0.571,9.11,11.8,2.63
6,30/3/2017,14:04:17,raw,yes,153,85.63,3.43,3.38,4.48,12.3,53,1390,0.526,9.1,11.6,2.65
6,31/8/2016,14:29:04,starch,no,71,88.68,3.42,3.4,4.69,12.45,50,1287,0.575,9.12,9.7,2.63
8,5/4/2016,12:11:31,raw,yes,1152,91.54,3.14,3.34,4.07,11.56,35,1529,0.484,8.34,15.1,2.61
6,31/8/2018,12:40:24,peroxide,no,293,83.75,4.08,3.67,4.87,13.6,46,1721,0.573,9.82,26.6,2.81
4,10/4/2017,8:21:15,raw,yes,182,90,3.47,3.39,4.49,12.35,54,1357,0.527,9.12,14.1,2.65
5,31/8/2018,11:43:35,formaldehyde,no,280,83.16,3.77,3.46,4.81,12.99,78,1657,0.56,9.5,10.4,2.65
4,6/11/2017,9:27:47,raw,yes,164,85.23,3.69,3.22,4.73,12.65,21,1428,0.553,9.31,14.8,2.47
14,31/8/2018,11:09:56,bicarbonate,no,202,81.17,3.62,3.22,4.51,12.36,25,1255,0.527,8.91,3,2.46
12,15/8/2018,8:52:27,peroxide,no,303,91.12,4.12,3.34,4.68,13.11,34,1205,0.551,9.3,16.4,2.65
10,31/8/2018,10:49:34,sucrose,no,1054,93.21,4.03,3.18,4.88,13.04,104,1926,0.566,9.27,15.1,2.45
6,3/10/2016,13:49:14,starch,no,103,87.59,3.57,3.4,4.63,12.58,60,1285,0.571,9.04,11.8,2.64
6,31/8/2018,10:45:42,sucrose,no,1233,92.72,4.54,3.45,4.85,13.79,102,1348,0.574,9.54,9.6,2.72
3,14/9/2016,13:54:22,sucrose,no,11,88.89,2.73,3.35,4.97,11.99,38,1489,0.591,9.33,16.4,2.62
4,25/8/2016,13:55:53,sucrose,no,48,86.75,3.46,3.36,5.3,13.05,55,1677,0.635,9.72,12.4,2.62
4,19/12/2016,8:06:31,raw,yes,147,62.65,3.72,3.17,4.63,12.51,38,1356,0.57,8.79,13.3,2.44
1,31/8/2018,11:33:11,bicarbonate,no,709,92.71,3.64,3.28,4.54,12.44,19,1482,0.529,9.02,2.1,2.49
5,30/6/2017,9:44:05,raw,yes,434,95.85,3.75,3.33,4.49,12.6,31,1435,0.532,9.13,14.7,2.61
2,3/10/2016,14:14:09,sucrose,no,46,85.9,3.52,3.32,4.66,12.47,39,1398,0.572,8.96,18.2,2.6
7,13/9/2016,14:18:29,starch,no,71,90.15,2.72,3.37,4.8,11.84,52,1383,0.574,9.18,8.5,2.61
9,31/8/2018,11:09:11,bicarbonate,no,831,93.88,3.52,2.99,4.26,11.78,24,1194,0.5,8.38,5.9,2.26
14,31/8/2018,11:13:12,bicarbonate,no,494,91.29,3.89,3.29,4.54,12.7,28,1483,0.535,9.02,11.6,2.48
7,31/8/2018,12:23:57,peroxide,no,121,77.99,3.03,3.12,4.74,12.01,339,1551,0.535,9.05,26.9,2.21
3,5/4/2016,10:37:52,raw,yes,1131,90.79,3.13,3.35,4.08,11.57,45,1523,0.485,8.36,15,2.62
4,19/9/2016,13:39:33,sucrose,no,1,92.86,2.64,3.34,5.23,12.13,60,1685,0.615,9.59,17.4,2.62
3,22/9/2017,15:38:34,raw,yes,171,87.46,3.4,3.22,4.66,12.24,15,1274,0.542,9.21,9.5,2.49
5,11/10/2016,15:14:19,raw,yes,478,87.86,3.55,3.17,4.53,12.25,62,1438,0.557,8.67,13.5,2.46
6,7/12/2017,8:10:37,raw,yes,252,86.36,3.6,3.33,4.66,12.61,20,1359,0.548,9.37,29.5,2.58
3,15/7/2016,7:58:13,raw,yes,231,89.24,3.87,3.33,4.42,12.59,7,1367,0.553,8.69,7.6,2.58
1,22/8/2016,8:36:45,raw,yes,473,93.18,3.69,3.22,4.53,12.41,54,1427,0.558,8.75,9.4,2.49
2,20/2/2017,8:31:08,raw,yes,304,96.39,3.78,3.18,4.55,12.49,44,1316,0.534,8.76,12.2,2.49
10,13/8/2018,14:52:41,bicarbonate,no,255,90.35,4.17,3.34,4.71,13.19,7,1082,0.555,9.34,8.6,2.63
8,31/8/2018,12:30:48,peroxide,no,172,91.09,3.43,3.27,4.74,12.4,20,1619,0.547,9.22,24.4,2.48
4,29/9/2016,14:10:18,sucrose,no,32,92.17,3.53,3.3,5.15,12.93,65,1611,0.62,9.47,15.8,2.6
11,31/8/2018,10:32:23,sucrose,no,1112,91.47,4.98,3.7,4.75,14.38,110,1260,0.576,9.72,6.6,2.96
9,3/9/2018,9:09:49,starch,no,679,93.13,3.68,3.03,4.67,12.35,69,1401,0.54,8.87,6.9,2.37
10,1/9/2016,13:13:27,bicarbonate,no,34,95.9,3.21,3.42,4.65,12.24,14,1256,0.569,9.1,13,2.63
20,3/9/2018,9:11:28,starch,no,640,90.83,3.53,2.8,4.79,12.09,95,1559,0.545,8.74,5.5,2.15
5,14/8/2018,14:35:45,starch,no,296,89.11,4.13,3.33,4.73,13.16,34,1170,0.555,9.35,13.1,2.65
9,16/5/2016,9:06:56,raw,yes,479,71.49,3.62,3.29,4.27,12.2,41,1538,0.504,8.52,12.1,2.54
15,5/10/2016,14:22:20,formaldehyde,no,78,90.87,3.54,3.39,4.59,12.5,50,1331,0.566,8.97,16.5,2.65
1,5/1/2017,9:00:49,raw,yes,160,93.79,3.68,3.11,4.58,12.36,35,1399,0.563,8.67,11.9,2.39
5,22/5/2017,9:20:15,raw,yes,233,93.42,4.02,3.27,4.65,12.92,18,1408,0.55,9.22,13.2,2.56
1,31/8/2018,11:04:32,bicarbonate,no,434,86.96,4.02,3.16,4.71,12.89,46,1603,0.55,9.05,15.2,2.39
7,28/10/2016,8:14:50,raw,yes,315,93.42,3.74,3.3,4.59,12.63,48,1390,0.568,8.88,15.8,2.54
1,31/8/2018,11:52:58,formaldehyde,no,783,89.48,3.16,3.25,4.72,12.11,50,1271,0.541,9.18,9,2.54
16,26/9/2016,15:45:28,formaldehyde,no,50,94.63,3.61,3.32,4.63,12.53,52,1329,0.57,8.94,17.6,2.6
1,31/8/2018,11:36:27,bicarbonate,no,599,90.78,3.34,2.98,4.23,11.54,19,1343,0.496,8.35,4.5,2.23
5,4/8/2016,10:21:00,raw,yes,310,84.71,3.38,3.43,4.42,12.18,9,1334,0.515,8.8,7.5,2.67
15,31/8/2018,11:00:06,sucrose,no,592,88.4,4.08,3.59,5.04,13.63,84,1770,0.589,9.91,8.9,2.81
9,31/8/2018,11:05:44,bicarbonate,no,521,92.09,3.97,3.71,4.66,13.32,35,1621,0.553,9.63,8.6,2.85
8,31/8/2018,12:07:03,formaldehyde,no,124,82.11,2.52,2.9,4.72,11.12,73,1503,0.525,8.77,4.5,2.2
6,6/8/2018,14:10:42,starch,no,273,89.87,3.76,3.59,4.78,13.08,31,1167,0.56,9.7,12.9,2.85
10,6/12/2017,11:54:32,raw,yes,251,88.59,3.61,3.33,4.64,12.61,23,1360,0.547,9.36,28.1,2.58
1,26/9/2016,15:43:13,raw,yes,45,93.48,3.54,3.32,4.61,12.44,46,1346,0.567,8.92,13.9,2.62
4,29/9/2016,10:15:14,raw,yes,120,88.63,3.77,3.44,4.61,12.81,55,1404,0.573,9.06,16,2.68
7,3/10/2016,14:14:54,starch,no,134,94.21,3.66,3.33,4.75,12.72,59,1376,0.583,9.08,9.9,2.57
1,2/9/2016,9:07:59,raw,yes,458,97.74,3.79,3.41,4.52,12.68,44,1374,0.564,8.95,9,2.65
8,29/8/2016,14:30:05,bicarbonate,no,45,81.18,3.18,3.39,4.65,12.16,33,1271,0.567,9.07,14,2.65
16,29/8/2016,14:31:17,formaldehyde,no,63,76.67,3.38,3.37,4.64,12.35,48,1274,0.57,9.04,14.8,2.64
5,5/6/2017,11:29:39,raw,yes,333,91.87,3.44,3.44,4.58,12.44,20,1310,0.537,9.35,14,2.7
8,12/4/2016,13:42:42,raw,yes,778,71.08,3.84,3.3,4.29,12.42,37,1655,0.506,8.53,13.5,2.56
6,5/9/2016,14:07:38,starch,no,39,91.3,3.41,3.39,4.69,12.44,50,1287,0.575,9.12,12.8,2.63
2,26/4/2016,9:20:44,raw,yes,621,94.56,3.62,3.34,4.24,12.21,32,1591,0.502,8.54,10.5,2.59
7,24/11/2016,8:29:25,raw,yes,180,90,3.65,3.33,4.64,12.59,40,1403,0.573,8.98,18.1,2.54
10,21/7/2017,8:47:58,raw,yes,162,95.16,4.06,3.53,4.64,13.21,25,1451,0.555,9.54,16.5,2.8
2,22/5/2017,9:22:52,raw,yes,218,93.5,4.02,3.26,4.64,12.9,21,1418,0.549,9.21,12.3,2.57
3,21/11/2016,12:36:29,raw,yes,201,95.9,3.63,3.31,4.65,12.58,43,1416,0.574,8.98,18.3,2.54
1,6/1/2016,9:29:40,raw,yes,523,93.81,3.33,3.29,4.59,12.21,41,1676,0.518,8.82,11.7,2.51
9,31/8/2018,12:27:30,peroxide,no,1407,93.07,3.97,3.03,4.45,12.43,97,1404,0.523,8.63,9.9,2.29
5,30/10/2017,11:13:32,raw,yes,150,81.37,3.71,3.23,4.75,12.68,22,1416,0.555,9.34,15.1,2.47
6,22/6/2017,8:22:48,raw,yes,427,86.41,3.74,3.33,4.49,12.6,20,1434,0.532,9.13,13.8,2.61
1,16/8/2018,14:53:21,raw,yes,303,84.63,4.12,3.35,4.72,13.15,39,1171,0.554,9.35,13.1,2.66
1,7/2/2017,8:25:37,raw,yes,168,98.61,3.13,3.13,4.6,11.79,44,1361,0.529,8.77,14.7,2.46
2,31/8/2018,12:09:25,formaldehyde,no,414,86.49,3.41,3.14,4.61,12.12,74,1508,0.533,8.93,8.3,2.4
12,31/8/2018,12:41:18,peroxide,no,329,90.4,3.71,3.25,4.75,12.68,36,1428,0.551,9.21,29.9,2.48
2,22/2/2017,10:15:10,raw,yes,519,93.67,3.5,3.3,4.48,12.3,77,1413,0.525,8.84,12.7,2.61
2,31/8/2018,11:46:24,formaldehyde,no,1007,91.44,3.28,3.01,4.39,11.66,68,1385,0.509,8.54,4.8,2.29
6,23/11/2017,9:30:42,raw,yes,640,84.64,3.39,3.2,4.54,12.14,22,1385,0.532,9.09,12.8,2.45
2,4/8/2016,10:17:46,raw,yes,343,87.63,3.37,3.42,4.42,12.14,9,1321,0.514,8.78,7.5,2.67
4,14/6/2016,14:30:20,raw,yes,438,97.87,3.85,3.28,4.37,12.23,64,1860,0.511,8.51,16.2,2.53
12,31/8/2016,14:29:58,peroxide,no,15,86.46,3.24,3.4,4.6,12.2,35,1344,0.564,9.03,21.1,2.63
15,31/8/2018,12:08:06,formaldehyde,no,316,89.35,4,3.39,4.7,13.03,82,1375,0.554,9.32,10.1,2.64
3,29/7/2016,10:48:47,raw,yes,372,92.97,3.38,3.41,4.41,12.14,8,1322,0.544,8.77,8.4,2.67
1,31/8/2018,10:58:00,sucrose,no,1429,92.99,4.73,3.16,4.96,13.79,101,1829,0.583,9.33,12.5,2.45
5,13/12/2017,10:50:50,raw,yes,230,88.84,3.61,3.33,4.67,12.57,18,1398,0.547,9.36,29.1,2.59
3,16/6/2017,8:49:17,raw,yes,357,92.02,3.43,3.45,4.56,12.45,19,1330,0.537,9.34,15.2,2.71
16,21/9/2016,13:59:00,formaldehyde,no,155,91.64,3.81,3.3,4.68,12.77,60,1324,0.577,8.97,15.7,2.58
3,29/9/2016,14:10:10,sucrose,no,34,87.3,3.56,3.3,4.86,12.68,54,1473,0.592,9.17,17.7,2.6
4,15/3/2016,9:00:58,raw,yes,587,95.56,3.46,3.29,4.36,12.1,22,1641,0.507,8.59,15.1,2.56
5,1/4/2016,8:34:54,raw,yes,395,95.83,3.37,3.27,4.31,11.95,35,1569,0.502,8.52,18.1,2.54
7,18/7/2017,8:07:05,raw,yes,151,95.56,4.08,3.54,4.65,13.24,21,1431,0.556,9.55,15.2,2.8
11,31/8/2018,11:34:41,bicarbonate,no,530,91.71,3.66,3.2,4.63,12.45,19,1480,0.539,9.02,3.6,2.42
5,22/9/2017,15:39:53,raw,yes,152,83.2,3.4,3.21,4.67,12.24,16,1268,0.542,9.21,10.1,2.49
1,5/4/2016,10:32:55,raw,yes,1042,88.34,3.1,3.32,4.07,11.5,36,1540,0.482,8.31,13.2,2.6
15,3/9/2018,9:38:21,starch,no,1488,93.12,3.92,3.08,4.98,12.92,88,1657,0.573,9.27,13.4,2.38
1,21/1/2016,9:26:24,raw,yes,843,95.19,3.27,3.19,4.47,12.22,35,1737,0.481,8.82,9.7,2.39
1,18/3/2016,8:26:34,raw,yes,559,85.7,3.45,3.29,4.36,12.08,33,1649,0.505,8.58,16.6,2.58
7,26/9/2016,13:56:23,starch,no,145,88.83,3.88,3.32,4.78,12.97,56,1364,0.588,9.09,13.2,2.58
4,13/9/2016,14:18:02,sucrose,no,3,90,2.69,3.34,5.21,12.16,50,1635,0.614,9.57,16.9,2.65
3,24/2/2016,10:41:04,raw,yes,594,93.03,3.62,3.24,4.49,12.36,62,1820,0.515,8.64,10.7,2.48
8,24/8/2016,8:05:11,raw,yes,449,88.77,3.7,3.23,4.55,12.47,53,1429,0.562,8.78,10.1,2.48
9,31/8/2018,10:59:12,sucrose,no,414,91.59,3.79,3.32,5.1,13.14,93,1927,0.585,9.66,14.8,2.57
6,24/4/2017,11:19:31,raw,yes,554,89.75,3.9,3.37,4.41,12.61,74,1455,0.527,8.7,20.6,2.6
1,5/1/2017,9:04:01,raw,yes,152,90.15,3.69,3.1,4.6,12.38,37,1388,0.565,8.68,10.6,2.4
1,21/12/2016,8:01:30,raw,yes,145,91.69,3.73,3.17,4.63,12.52,42,1359,0.568,8.79,12.2,2.45
10,31/8/2018,11:44:20,formaldehyde,no,240,83.14,3.65,3.17,4.79,12.56,75,1707,0.553,9.16,9.7,2.41
6,5/1/2017,9:06:32,raw,yes,479,75.74,3.58,3.24,4.53,12.36,62,1428,0.557,8.76,13.6,2.49
2,4/10/2016,12:00:42,raw,yes,157,90.68,3.3,3.42,4.6,12.3,49,1418,0.564,9.03,15.2,2.66
9,20/10/2017,9:31:39,raw,yes,163,85.1,3.71,3.22,4.72,12.65,19,1396,0.553,9.29,13.1,2.46
7,3/10/2016,14:11:43,starch,no,145,88.03,3.65,3.34,4.72,12.69,67,1341,0.581,9.06,7.1,2.57
12,31/8/2018,12:34:44,peroxide,no,1624,94.83,3.73,3.25,4.29,12.28,91,1680,0.51,8.71,10.2,2.47
3,20/9/2016,14:52:07,sucrose,no,176,92.21,3.72,3.29,4.94,12.92,47,1433,0.602,9.23,15.8,2.58
1,6/8/2018,15:52:02,raw,yes,369,84.14,4.66,3.55,4.7,13.88,35,1137,0.561,9.58,19,2.85
4,26/9/2016,15:43:40,sucrose,no,46,89.8,3.5,3.29,5.13,12.86,58,1586,0.617,9.43,15.1,2.6
3,21/9/2016,13:57:03,sucrose,no,168,93.06,3.71,3.28,4.93,12.89,47,1443,0.601,9.21,14.9,2.59
1,29/9/2016,14:09:51,raw,yes,32,89.17,3.54,3.31,4.61,12.44,45,1337,0.566,8.91,17,2.59
6,19/9/2016,13:39:51,starch,no,13,86.21,2.69,3.36,4.78,11.78,43,1444,0.571,9.14,15.6,2.62
8,8/6/2017,7:57:33,raw,yes,331,92.54,3.44,3.45,4.57,12.43,18,1298,0.536,9.34,15.3,2.7
3,7/8/2017,10:10:10,raw,yes,180,97.35,4.19,3.48,4.66,13.31,26,1450,0.557,9.5,13.9,2.75
2,6/12/2017,11:53:20,raw,yes,254,87.43,3.59,3.33,4.65,12.6,20,1379,0.547,9.37,29.4,2.58
8,21/2/2017,7:52:16,raw,yes,294,97.1,3.79,3.19,4.55,12.51,50,1332,0.533,8.77,13.7,2.5
5,11/2/2016,12:24:33,raw,yes,277,95.94,3.24,3.16,4.41,11.86,42,1565,0.509,8.68,10.6,2.35
18,31/8/2018,12:02:02,formaldehyde,no,590,90.16,3.9,3.24,4.5,12.63,82,1301,0.531,8.93,13.1,2.51
7,19/9/2016,15:29:32,starch,no,201,88.1,3.85,3.32,4.76,12.92,54,1291,0.587,9.08,7.7,2.57
1,3/9/2018,9:08:37,starch,no,151,79.12,3.37,2.82,5.06,12.19,90,1282,0.568,9.05,3,2.2
6,10/2/2017,7:59:14,raw,yes,301,94.21,3.77,3.15,4.54,12.44,39,1290,0.532,8.73,12.9,2.47
10,26/9/2016,14:00:04,bicarbonate,no,201,95.12,3.86,3.33,4.66,12.85,40,1211,0.578,8.98,11.4,2.58
15,13/8/2018,14:47:38,formaldehyde,no,265,87.03,3.75,3.58,4.78,13.06,25,1206,0.558,9.69,18.6,2.88
1,28/3/2017,8:14:34,raw,yes,209,92.48,3.45,3.38,4.47,12.31,53,1371,0.525,9.1,14.2,2.65
1,2/3/2017,10:00:41,raw,yes,296,91.08,3.51,3.3,4.47,12.29,64,1393,0.523,8.82,13.6,2.59
4,11/4/2017,10:00:40,raw,yes,331,90.12,3.69,3.36,4.63,12.66,60,1290,0.511,8.91,12.5,2.75
7,5/7/2017,9:40:00,raw,yes,158,93.5,4.06,3.56,4.63,13.25,28,1430,0.555,9.55,15,2.79
2,12/7/2017,9:13:16,raw,yes,154,94.53,4.07,3.53,4.64,13.25,18,1433,0.555,9.53,15.2,2.78
2,27/10/2016,8:12:27,raw,yes,334,93.76,3.73,3.28,4.59,12.6,41,1393,0.567,8.87,14.8,2.54
3,14/6/2016,14:35:01,raw,yes,423,98.52,3.86,3.28,4.36,12.23,62,1867,0.51,8.5,15.6,2.54
11,31/8/2018,10:46:27,sucrose,no,435,89.26,3.64,3.18,5.2,12.93,86,1800,0.59,9.61,11.6,2.47
12,29/9/2016,14:14:18,peroxide,no,31,88.79,3.52,3.33,4.59,12.42,47,1403,0.565,8.92,20.2,2.59
6,30/8/2016,14:19:19,starch,no,83,85.31,3.41,3.39,4.69,12.44,53,1292,0.575,9.11,11.5,2.63
2,4/5/2016,15:18:12,raw,yes,505,93.15,3.63,3.27,4.27,12.18,36,1503,0.504,8.5,9.6,2.54
7,5/8/2016,8:42:04,raw,yes,352,88.4,3.44,3.4,4.39,12.27,31,1343,0.545,8.8,13.1,2.62
2,25/7/2017,8:53:46,raw,yes,173,94.62,4.2,3.46,4.63,13.26,18,1428,0.554,9.44,12.4,2.74
12,24/8/2016,14:08:24,peroxide,no,40,87.84,3.44,3.38,4.73,12.52,31,1488,0.579,9.15,19,2.61
1,21/9/2016,13:56:45,raw,yes,182,92.36,3.74,3.3,4.67,12.7,39,1296,0.575,8.95,15.4,2.59
8,30/5/2017,10:35:54,raw,yes,194,84.95,4.04,3.27,4.64,12.93,15,1427,0.549,9.22,13.2,2.55
5,19/9/2016,10:52:39,raw,yes,240,86.67,3.71,3.47,4.48,12.65,38,1392,0.56,8.95,13.8,2.71
9,28/3/2017,8:11:10,raw,yes,276,91.85,3.32,3.25,4.44,12.02,51,1350,0.517,8.91,16.2,2.52
3,11/1/2016,12:01:49,raw,yes,1098,92.64,3.33,3.26,4.32,11.94,34,1504,0.501,8.55,13.9,2.53
5,31/8/2018,10:31:29,sucrose,no,209,78.22,3.24,3.03,5.21,12.4,102,1666,0.583,9.46,3.9,2.34
5,1/9/2016,13:16:02,starch,no,40,96.27,3.32,3.39,4.64,12.31,42,1305,0.569,9.07,14.2,2.65
2,31/8/2018,11:43:08,formaldehyde,no,299,85.5,3.35,3.08,4.84,12.24,69,1673,0.552,9.11,4.2,2.33
17,31/8/2018,10:39:48,sucrose,no,318,84.59,3.39,3.37,5.35,13.03,87,1560,0.603,9.99,7.4,2.66
1,24/5/2017,8:59:34,raw,yes,195,84.64,4.01,3.24,4.63,12.84,19,1437,0.547,9.16,13.1,2.55
16,19/9/2016,15:30:53,formaldehyde,no,190,87.04,3.81,3.31,4.67,12.78,45,1303,0.577,8.97,15.7,2.59
2,26/10/2016,10:28:01,raw,yes,357,96.22,3.75,3.29,4.59,12.63,43,1390,0.568,8.87,16.4,2.54
3,14/3/2017,8:19:58,raw,yes,331,95.24,3.28,3.24,4.44,11.96,49,1314,0.516,8.71,16,2.56
3,29/1/2016,8:33:59,raw,yes,831,96.13,3.51,3.24,4.43,12.23,40,1699,0.513,8.79,11.6,2.43
18,31/8/2018,11:10:32,bicarbonate,no,698,91,3.49,3.19,4.57,12.2,13,1240,0.532,8.95,2.9,2.44
11,31/8/2018,11:25:52,bicarbonate,no,267,88.05,3.84,3.29,4.73,12.85,27,1640,0.551,9.23,3.3,2.47
6,12/9/2016,11:49:22,starch,no,32,92.5,2.74,3.36,4.74,11.8,44,1362,0.568,9.1,11.9,2.62
1,5/7/2017,9:33:59,raw,yes,140,91.67,4.06,3.54,4.63,13.23,19,1443,0.554,9.52,15.3,2.79
4,3/3/2017,12:32:27,raw,yes,346,86.48,3.54,3.31,4.49,12.35,68,1411,0.526,8.84,12.7,2.59
5,4/8/2016,10:18:13,raw,yes,322,87.23,3.39,3.43,4.42,12.19,9,1332,0.515,8.8,7.3,2.66
3,5/10/2016,14:24:06,sucrose,no,67,91.4,3.48,3.38,4.87,12.69,52,1478,0.593,9.26,16.5,2.66
5,13/8/2018,14:55:18,starch,no,196,82.33,3.73,3.59,4.82,13.09,29,1250,0.562,9.75,20.1,2.89
13,5/10/2016,14:22:02,peroxide,no,71,92.23,3.57,3.39,4.57,12.51,16,1427,0.564,8.95,27.2,2.61
11,12/9/2016,14:58:21,peroxide,no,11,91.03,2.73,3.37,4.69,11.75,34,1385,0.563,9.06,17.7,2.64
5,14/7/2016,11:02:23,raw,yes,251,93.74,3.92,3.33,4.4,12.62,9,1380,0.552,8.66,8.2,2.57
10,31/8/2018,12:31:06,peroxide,no,1074,94.85,3.94,3.34,4.46,12.7,53,1625,0.53,8.99,14.6,2.56
14,31/8/2018,11:48:12,formaldehyde,no,324,84.95,3.65,3.25,4.68,12.55,85,1551,0.544,9.13,17.4,2.5
5,3/10/2016,14:11:25,starch,no,92,72.54,3.25,3.34,4.63,12.19,50,1340,0.565,8.96,15.9,2.61
10,5/10/2016,14:21:35,bicarbonate,no,94,89.39,3.56,3.41,4.59,12.55,20,1258,0.567,9,12.3,2.64
5,30/5/2016,8:57:01,raw,yes,321,94.88,3.44,3.3,4.32,11.81,62,1682,0.527,8.49,16.3,2.55
8,6/10/2016,13:59:00,bicarbonate,no,46,89.93,3.54,3.4,4.6,12.52,37,1339,0.567,8.99,15.3,2.64
12,31/8/2018,10:39:03,sucrose,no,239,83.27,3.99,3.21,4.93,13.13,118,1678,0.569,9.36,6.4,2.5
10,26/9/2016,13:01:02,bicarbonate,no,38,91.41,3.57,3.34,4.62,12.52,25,1268,0.57,8.96,10.2,2.58
3,25/11/2016,10:15:21,raw,yes,188,93.52,3.59,3.33,4.68,12.57,46,1446,0.576,9.03,18.6,2.55
9,16/8/2017,8:24:45,raw,yes,641,91.82,3.78,3.3,4.52,12.6,28,1476,0.535,9.14,12.8,2.59
13,3/9/2018,9:16:56,starch,no,291,90.02,3.32,3.17,4.95,12.37,74,1455,0.562,9.33,4.9,2.47
1,3/3/2017,12:36:57,raw,yes,362,87.78,3.51,3.3,4.49,12.31,73,1417,0.526,8.84,13.4,2.61
6,15/12/2016,8:50:22,raw,yes,129,87.46,4.12,3.17,4.55,12.84,57,1481,0.567,8.7,17.6,2.44
9,1/8/2016,9:07:45,raw,yes,382,91.14,3.38,3.42,4.42,12.16,9,1315,0.544,8.78,5.7,2.66
11,16/8/2018,14:54:51,peroxide,no,248,90.34,4.07,3.35,4.68,13.07,34,1156,0.55,9.32,15.7,2.66
12,16/8/2018,14:55:00,peroxide,no,262,88.95,4.11,3.37,4.68,13.12,40,1228,0.551,9.33,17.2,2.66
7,17/8/2016,7:46:31,raw,yes,380,89.42,3.41,3.42,4.41,12.29,40,1360,0.546,8.84,12.2,2.66
1,9/1/2017,9:01:38,raw,yes,147,88.75,3.64,3.11,4.58,12.3,38,1393,0.563,8.67,12.3,2.41
4,31/10/2017,8:33:07,raw,yes,155,82.46,3.71,3.22,4.74,12.67,19,1438,0.554,9.31,15.7,2.47
13,12/9/2016,11:47:18,peroxide,no,10,88.16,2.73,3.34,4.69,11.73,18,1419,0.562,9.03,34.7,2.58
6,8/1/2016,9:33:53,raw,yes,481,85.61,3.35,3.29,4.6,12.25,46,1671,0.52,8.86,11.3,2.53
3,31/8/2018,10:55:02,sucrose,no,1036,93.61,3.71,3.31,5.12,13.06,96,1791,0.586,9.67,11.5,2.57
10,26/12/2017,8:52:38,raw,yes,359,78.73,4.2,3.1,4.62,12.91,25,1556,0.547,9.04,19.7,2.35
11,29/8/2016,12:16:06,peroxide,no,51,83.52,3.25,3.4,4.63,12.22,50,1279,0.566,9.06,17.7,2.65
2,1/9/2016,13:15:35,sucrose,no,33,95.87,3.3,3.39,4.68,12.31,42,1327,0.572,9.1,15.4,2.65
3,29/12/2017,8:11:44,raw,yes,556,85.81,3.5,3.21,4.61,12.27,29,1465,0.539,9.16,15.4,2.46
13,1/9/2016,13:17:14,peroxide,no,28,95.37,3.24,3.39,4.63,12.21,6,1411,0.566,9.04,31.4,2.6
2,12/4/2016,12:22:29,raw,yes,683,90.49,3.83,3.32,4.29,12.43,44,1639,0.506,8.55,12.4,2.58
4,15/3/2016,8:56:45,raw,yes,605,95.52,3.44,3.3,4.36,12.07,24,1644,0.506,8.59,14.6,2.57
14,31/8/2016,14:30:16,formaldehyde,no,33,93.55,3.33,3.4,4.62,12.3,46,1284,0.567,9.04,16,2.65
2,5/7/2017,9:37:12,raw,yes,164,94.04,4.06,3.54,4.64,13.25,18,1428,0.555,9.55,14.1,2.8
2,21/6/2017,9:48:02,raw,yes,413,86.93,3.74,3.33,4.49,12.59,24,1441,0.532,9.13,15.2,2.62
13,19/9/2016,15:30:26,peroxide,no,176,90.65,3.9,3.29,4.66,12.85,11,1372,0.576,8.94,28.8,2.54
19,31/8/2018,12:45:40,peroxide,no,1101,94.35,3.7,3.12,4.52,12.34,69,1679,0.527,8.81,10.1,2.36
5,24/11/2017,8:08:39,raw,yes,622,83.49,3.39,3.2,4.53,12.13,24,1402,0.531,9.08,12.9,2.45
15,9/8/2018,14:17:11,formaldehyde,no,196,83.29,3.75,3.59,4.72,13.02,32,1178,0.555,9.65,22,2.86
10,30/8/2016,14:19:55,bicarbonate,no,53,80.41,3.23,3.42,4.65,12.24,12,1211,0.568,9.1,11.7,2.62
16,31/8/2018,11:48:30,formaldehyde,no,372,86.36,3.39,3.15,4.53,12.04,100,1753,0.525,8.86,12.1,2.39
12,23/8/2016,14:05:34,peroxide,no,56,93.55,3.4,3.38,4.73,12.48,35,1447,0.578,9.14,16.7,2.61
11,22/9/2016,14:05:39,peroxide,no,194,95.35,3.91,3.32,4.65,12.86,65,1273,0.576,8.96,16.9,2.6
8,18/1/2016,11:25:48,raw,yes,839,95.03,3.3,3.19,4.45,12.26,42,1743,0.487,8.81,8.9,2.38
3,29/8/2016,14:22:26,sucrose,no,48,80,3.49,3.36,5.03,12.82,53,1552,0.608,9.43,10.9,2.63
1,3/10/2017,8:27:40,raw,yes,132,83.89,3.39,3.22,4.68,12.24,19,1301,0.54,9.23,8.3,2.5
8,15/8/2018,8:51:51,bicarbonate,no,282,90.51,4.13,3.34,4.7,13.14,27,1142,0.553,9.32,13.4,2.64
3,6/11/2017,9:27:38,raw,yes,167,87.44,3.69,3.22,4.75,12.65,21,1461,0.554,9.32,15.4,2.47
15,31/8/2018,11:10:05,bicarbonate,no,894,92.42,3.8,3.09,4.58,12.45,22,1525,0.535,8.84,5.5,2.33
6,26/12/2016,7:56:36,raw,yes,113,90.81,3.73,3.18,4.64,12.53,43,1366,0.571,8.8,12.5,2.45
1,3/3/2017,9:32:17,raw,yes,503,87.05,3.51,3.3,4.48,12.3,67,1427,0.524,8.83,14.2,2.61
4,4/10/2016,14:13:14,sucrose,no,78,91.3,3.49,3.35,5.11,12.89,57,1559,0.616,9.48,15.1,2.65
2,5/8/2016,8:41:19,raw,yes,310,85.45,3.43,3.39,4.37,12.21,29,1344,0.543,8.76,15.7,2.64
15,30/8/2016,14:20:40,formaldehyde,no,62,81.82,3.34,3.38,4.64,12.31,52,1291,0.568,9.04,16.2,2.64
6,31/8/2018,11:18:31,bicarbonate,no,318,89.72,4.22,3.41,4.7,13.3,38,1432,0.556,9.34,3.9,2.59
4,28/11/2017,8:00:20,raw,yes,566,82.43,3.4,3.19,4.53,12.14,28,1402,0.53,9.07,10.8,2.45
10,12/12/2016,8:03:38,raw,yes,125,94.28,4.13,3.16,4.53,12.83,53,1466,0.566,8.68,16.6,2.41
9,6/10/2016,13:54:45,bicarbonate,no,83,90.87,3.55,3.4,4.6,12.53,35,1295,0.568,9,12.9,2.63
16,26/9/2016,13:01:56,formaldehyde,no,46,94.29,3.59,3.32,4.62,12.5,55,1340,0.569,8.92,15.7,2.6
2,10/10/2016,9:56:44,raw,yes,157,90.98,3.31,3.42,4.62,12.33,46,1462,0.566,9.04,14.2,2.67
12,13/8/2018,14:47:11,peroxide,no,274,89.81,3.83,3.58,4.71,13.07,32,1220,0.554,9.61,19.3,2.87
10,3/9/2018,9:09:58,starch,no,542,92.41,2.52,3.02,4.78,11.29,70,1342,0.534,8.99,13.9,2.35
3,22/3/2016,10:06:48,raw,yes,527,92.56,3.53,3.25,4.33,12.11,29,1670,0.505,8.52,15.8,2.54
3,22/8/2016,15:57:08,sucrose,no,46,88.64,3.38,3.34,5,12.66,41,1525,0.604,9.38,11.3,2.61
10,30/3/2017,8:26:31,raw,yes,226,92.41,3.45,3.37,4.47,12.29,55,1365,0.524,9.08,14.1,2.65
2,23/2/2016,14:38:49,raw,yes,623,94.12,3.61,3.23,4.49,12.35,50,1821,0.515,8.62,10.7,2.49
11,31/8/2018,12:10:46,formaldehyde,no,397,86.88,3.3,3.15,4.55,11.99,68,1474,0.526,8.88,10.8,2.41
4,24/8/2016,14:07:12,sucrose,no,49,91.67,3.45,3.36,5.3,13.03,56,1661,0.634,9.71,10.7,2.63
14,15/9/2016,14:07:59,formaldehyde,no,11,83.53,2.73,3.36,4.68,11.72,41,1354,0.561,9.03,19.1,2.63
3,8/8/2016,8:44:19,raw,yes,343,91.47,3.38,3.41,4.42,12.27,41,1338,0.546,8.84,10.3,2.66
11,31/8/2018,12:37:50,peroxide,no,167,81.33,3.52,3.24,4.73,12.48,49,1683,0.546,9.18,27.8,2.42
2,6/6/2016,12:18:30,raw,yes,332,96.94,3.43,3.33,4.33,11.83,49,1612,0.528,8.53,14.5,2.59
4,20/2/2017,8:37:34,raw,yes,309,96.04,3.8,3.19,4.55,12.53,60,1334,0.534,8.78,16.9,2.5
4,3/9/2018,9:04:11,starch,no,819,91.93,2.96,2.9,5.02,11.81,73,1384,0.56,9.1,0,2.25
1,21/11/2016,12:39:14,raw,yes,189,95.42,3.63,3.33,4.65,12.59,53,1415,0.574,8.99,19.3,2.55
1,4/1/2016,10:36:15,raw,yes,443,90.97,3.41,3.22,4.6,12.23,44,1697,0.517,8.75,11.5,2.45
2,5/1/2017,8:57:19,raw,yes,158,91.52,3.67,3.11,4.57,12.34,39,1376,0.562,8.66,12.1,2.39
3,4/10/2016,14:09:39,sucrose,no,69,87.88,3.51,3.37,4.86,12.7,45,1432,0.592,9.24,16.2,2.66
2,3/10/2017,8:32:55,raw,yes,160,87.56,3.39,3.24,4.69,12.27,20,1300,0.544,9.26,10.4,2.5
4,12/4/2016,13:42:06,raw,yes,782,79.49,3.83,3.29,4.29,12.41,35,1655,0.506,8.52,13.7,2.57
3,5/10/2016,9:19:23,raw,yes,176,92.64,3.29,3.42,4.59,12.27,36,1475,0.563,9.01,16.5,2.67
2,10/4/2017,8:21:59,raw,yes,189,89.54,3.47,3.39,4.49,12.35,57,1395,0.527,9.12,12.5,2.66
1,12/4/2016,12:23:44,raw,yes,734,90.09,3.81,3.29,4.29,12.38,36,1648,0.506,8.52,13,2.58
8,31/8/2018,11:28:41,bicarbonate,no,1523,94.02,3.38,3.04,4.41,11.8,8,1201,0.513,8.6,1.3,2.31
5,29/9/2016,10:18:27,raw,yes,122,88.78,3.78,3.44,4.61,12.81,55,1404,0.572,9.05,13.5,2.68
5,4/10/2016,12:02:48,raw,yes,169,93.18,3.36,3.43,4.59,12.36,64,1420,0.564,9.02,14.2,2.67
1,24/2/2016,10:35:39,raw,yes,611,93.76,3.63,3.23,4.49,12.36,54,1822,0.515,8.63,9.8,2.48
19,3/9/2018,9:14:35,starch,no,518,93.95,3.67,3.28,4.85,12.73,79,1508,0.561,9.35,9.7,2.56
5,20/10/2017,9:31:03,raw,yes,167,83.82,3.7,3.22,4.74,12.65,19,1404,0.554,9.32,13.2,2.47
3,3/10/2016,14:11:07,sucrose,no,94,68.01,3.18,3.31,4.89,12.34,55,1490,0.589,9.21,16.7,2.61
6,31/8/2018,12:19:48,peroxide,no,430,90.89,3.36,3.07,4.67,12.05,32,1585,0.537,8.92,26.3,2.34
7,26/10/2016,10:36:24,raw,yes,327,97.84,3.77,3.31,4.57,12.65,51,1386,0.567,8.87,17.1,2.54
1,21/1/2016,13:03:32,raw,yes,802,95.56,3.5,3.24,4.44,12.51,39,1843,0.484,8.85,12.3,2.42
2,14/8/2017,13:15:20,raw,yes,602,88.8,3.78,3.3,4.53,12.59,25,1456,0.535,9.15,11.1,2.59
2,14/6/2016,14:34:52,raw,yes,435,98.06,3.85,3.28,4.37,12.24,65,1865,0.512,8.52,16.2,2.54
10,20/8/2018,14:48:02,bicarbonate,no,267,92.34,4.18,3.36,4.72,13.24,11,1103,0.555,9.37,8.1,2.64
2,29/8/2016,14:26:05,sucrose,no,46,87.01,3.33,3.38,4.68,12.33,46,1311,0.573,9.09,14.7,2.66
1,10/3/2017,8:28:07,raw,yes,344,95.84,3.3,3.24,4.44,11.98,43,1313,0.516,8.71,13.6,2.56
2,30/10/2017,11:15:08,raw,yes,151,84.91,3.71,3.23,4.74,12.67,22,1446,0.554,9.32,15.5,2.47
8,31/8/2018,11:34:14,bicarbonate,no,356,90.18,3.95,3.29,4.63,12.84,24,1402,0.544,9.12,5.8,2.48
15,22/9/2016,14:10:16,formaldehyde,no,166,91.09,3.86,3.32,4.65,12.82,58,1315,0.576,8.96,18.4,2.59
5,31/8/2018,11:15:06,bicarbonate,no,488,89.05,3.5,3.16,4.53,12.17,34,1403,0.527,8.87,1.1,2.38
4,27/1/2017,8:17:29,raw,yes,173,83.45,3.17,3.14,4.6,11.85,42,1319,0.528,8.78,15.8,2.45
9,27/3/2017,8:54:34,raw,yes,309,94.38,3.3,3.24,4.43,11.97,43,1347,0.516,8.88,15,2.52
3,12/9/2016,9:11:20,raw,yes,445,92.97,3.56,3.16,4.54,12.25,54,1403,0.557,8.66,12,2.44
4,3/10/2016,13:52:58,sucrose,no,76,91.22,3.47,3.36,5.13,12.89,56,1565,0.618,9.5,15.2,2.66
1,27/3/2017,8:53:21,raw,yes,294,93.94,3.28,3.23,4.43,11.95,41,1360,0.515,8.87,12.2,2.53
9,5/9/2016,14:08:05,bicarbonate,no,24,91.67,3.18,3.42,4.65,12.21,33,1262,0.568,9.1,15.7,2.63
1,31/8/2018,12:36:20,peroxide,no,442,88.74,3.71,3.26,4.52,12.47,38,1659,0.531,8.97,25.2,2.48
10,24/8/2016,14:08:06,bicarbonate,no,54,89.36,3.45,3.41,4.78,12.61,15,1327,0.585,9.23,7.1,2.6
4,31/8/2018,10:37:51,sucrose,no,233,84.05,3.5,3,5,12.44,99,1629,0.566,9.19,12.9,2.33
1,15/8/2018,8:50:48,raw,yes,291,87.28,4.12,3.32,4.71,13.12,34,1160,0.553,9.31,16.3,2.65
9,18/9/2017,7:56:01,raw,yes,560,87.54,3.57,3.29,4.56,12.39,29,1454,0.535,9.18,12.3,2.52
2,9/8/2018,14:11:24,sucrose,no,308,91.84,4.1,3.57,4.74,13.36,25,1170,0.561,9.64,18,2.86
5,12/2/2016,15:07:35,raw,yes,673,93.44,3.74,3.27,4.5,12.55,53,1924,0.52,8.9,10.3,2.41
9,16/11/2016,9:45:17,raw,yes,513,92.5,3.46,3.21,4.57,12.25,72,1420,0.559,8.77,14.8,2.46
6,15/8/2018,8:48:25,starch,no,342,88.59,4.38,3.34,4.78,13.46,40,1168,0.564,9.41,13.3,2.65
6,9/3/2016,14:38:14,raw,yes,369,96.24,3.41,3.21,4.41,12.02,29,1464,0.508,8.52,7.2,2.5
8,22/8/2016,13:38:18,bicarbonate,no,51,95.65,3.43,3.39,4.74,12.53,30,1380,0.579,9.16,11.2,2.61
10,3/2/2016,9:04:29,raw,yes,786,94.54,3.96,3.13,4.33,12.47,54,1570,0.511,8.56,12.2,2.34
3,12/4/2016,12:25:46,raw,yes,732,91.16,3.82,3.29,4.29,12.39,40,1641,0.506,8.52,13.5,2.58
16,3/10/2016,15:17:37,formaldehyde,no,94,92.77,3.55,3.39,4.62,12.53,53,1317,0.569,9.01,16.8,2.65
12,9/8/2018,14:12:54,peroxide,no,266,90.95,3.85,3.58,4.65,13.04,28,1188,0.55,9.55,20.4,2.85
10,19/9/2016,15:36:12,bicarbonate,no,157,88.86,3.88,3.32,4.68,12.88,13,1207,0.579,8.99,9.8,2.57
4,31/8/2018,11:14:57,bicarbonate,no,193,80.45,3.22,3.05,4.74,11.99,36,1545,0.54,8.97,1.8,2.27
8,29/8/2016,14:26:59,bicarbonate,no,40,75.9,3.18,3.39,4.63,12.15,28,1275,0.566,9.06,15.3,2.65
6,17/8/2016,7:46:22,raw,yes,403,90.17,3.42,3.42,4.4,12.29,50,1342,0.545,8.83,11.7,2.66
1,10/10/2016,15:28:51,raw,yes,104,93.94,3.54,3.39,4.59,12.49,44,1324,0.566,8.97,17.4,2.65
7,27/3/2017,8:54:16,raw,yes,277,95.47,3.3,3.25,4.44,11.99,40,1341,0.517,8.9,15.3,2.53
4,4/9/2017,9:27:53,raw,yes,288,64.93,5.42,3.33,4.64,14.38,43,1574,0.571,9.33,16.9,2.57
2,19/9/2016,10:51:11,raw,yes,247,88.62,3.69,3.47,4.48,12.63,41,1414,0.559,8.95,13.4,2.71
4,15/2/2016,8:37:53,raw,yes,653,90.42,3.75,3.28,4.54,12.62,58,1895,0.523,8.96,10.4,2.41
2,14/9/2016,13:57:01,sucrose,no,11,94.59,2.72,3.36,4.74,11.78,35,1403,0.568,9.1,17.8,2.63
5,31/8/2018,11:56:49,formaldehyde,no,305,86.93,3.59,2.97,4.38,11.96,116,1204,0.512,8.49,16.3,2.27
6,12/9/2016,15:00:31,starch,no,52,93.71,2.75,3.36,4.76,11.82,39,1375,0.57,9.12,12.2,2.61
14,3/9/2018,9:41:28,starch,no,519,89.98,3.57,2.91,5,12.43,77,1777,0.566,9.09,7.8,2.24
10,30/5/2016,8:57:45,raw,yes,375,96.32,3.47,3.31,4.33,11.84,72,1669,0.528,8.49,18.2,2.56
11,13/8/2018,14:41:20,peroxide,no,264,90.91,4.13,3.32,4.68,13.1,29,1140,0.55,9.28,14.3,2.64
9,5/4/2016,12:11:40,raw,yes,1099,91.8,3.14,3.34,4.06,11.55,36,1531,0.484,8.34,14.4,2.61
4,13/3/2017,8:29:28,raw,yes,307,95.09,3.3,3.25,4.43,11.99,54,1324,0.516,8.72,15,2.56
10,3/9/2018,9:30:54,starch,no,359,90.48,3.44,2.97,4.91,12.28,75,1683,0.557,9.06,20.5,2.3
2,29/9/2016,14:12:48,sucrose,no,38,89.92,3.56,3.32,4.65,12.5,46,1349,0.571,8.96,15.5,2.6
7,1/3/2016,11:38:41,raw,yes,660,95.57,3.42,3.15,4.33,11.94,29,1615,0.503,8.4,13.7,2.44
5,29/8/2016,14:29:38,starch,no,67,88.18,3.34,3.38,4.63,12.29,44,1294,0.568,9.04,14.5,2.65
18,3/9/2018,9:35:33,starch,no,563,88.81,3.23,3.09,4.76,12.02,73,1550,0.543,9.03,7.3,2.39
5,17/11/2016,12:31:20,raw,yes,469,93.17,3.46,3.2,4.54,12.2,54,1419,0.558,8.74,12.6,2.44
7,9/8/2016,8:23:37,raw,yes,348,89.83,3.41,3.43,4.42,12.31,65,1324,0.547,8.87,11,2.66
14,4/10/2016,14:11:18,formaldehyde,no,73,95.24,3.55,3.39,4.59,12.51,51,1304,0.566,8.98,17.4,2.66
12,19/9/2016,15:30:17,peroxide,no,180,91.69,3.68,3.31,4.64,12.62,29,1322,0.572,8.94,22.7,2.58
5,1/2/2016,9:45:18,raw,yes,775,93.49,3.94,3.12,4.34,12.44,38,1565,0.51,8.56,11.3,2.35
8,6/12/2017,11:54:14,raw,yes,241,87.67,3.6,3.33,4.66,12.61,26,1353,0.548,9.38,30.5,2.58
18,3/9/2018,9:28:50,starch,no,286,86.99,3.84,3.14,5.09,12.98,91,1651,0.581,9.44,8,2.42
3,6/8/2018,14:10:15,sucrose,no,273,88.85,3.85,3.56,4.96,13.3,32,1268,0.577,9.86,17.2,2.85
1,23/11/2017,9:29:57,raw,yes,642,83.56,3.39,3.2,4.55,12.14,24,1398,0.533,9.1,12.8,2.46
2,25/5/2017,8:57:43,raw,yes,206,90.32,4.03,3.25,4.64,12.91,17,1411,0.549,9.2,12.2,2.54
9,12/9/2016,14:58:02,bicarbonate,no,3,91.8,2.73,3.37,4.7,11.76,24,1347,0.564,9.07,15.9,2.63
7,30/10/2017,11:17:55,raw,yes,163,83.41,3.71,3.24,4.74,12.68,25,1423,0.554,9.34,14.6,2.47
3,31/8/2018,10:41:59,sucrose,no,448,89.84,3.5,3.08,5.14,12.63,92,1927,0.581,9.43,12.8,2.37
6,15/5/2017,14:46:35,raw,yes,912,93.58,3.93,3.36,4.48,12.77,30,1438,0.532,9.12,14.4,2.63
3,16/5/2016,10:02:09,raw,yes,385,88.01,3.29,3.31,4.21,11.81,31,1514,0.496,8.46,14.3,2.56
10,26/9/2016,8:58:55,raw,yes,203,89.29,3.67,3.48,4.49,12.63,45,1416,0.56,8.97,14.8,2.71
6,25/2/2017,10:54:59,raw,yes,472,89.85,3.5,3.31,4.46,12.29,75,1414,0.524,8.82,13,2.6
15,1/9/2016,13:17:32,formaldehyde,no,33,95.08,3.33,3.38,4.63,12.29,41,1296,0.568,9.04,18,2.65
5,25/2/2017,10:54:50,raw,yes,478,92.07,3.49,3.31,4.47,12.28,76,1423,0.524,8.82,13.4,2.6
11,26/9/2016,13:01:11,peroxide,no,41,94.66,3.55,3.33,4.58,12.44,49,1328,0.565,8.91,17.6,2.61
9,26/9/2016,13:00:53,bicarbonate,no,46,91.67,3.57,3.33,4.6,12.47,38,1296,0.567,8.92,14,2.6
9,20/3/2017,7:41:42,raw,yes,297,94.84,3.32,3.26,4.43,12.05,57,1320,0.517,8.89,16.2,2.58
13,31/8/2018,12:01:17,formaldehyde,no,575,89.86,4.23,3.35,4.65,13.19,104,1658,0.551,9.21,15.7,2.54
15,15/9/2016,14:05:20,formaldehyde,no,6,86.96,2.73,3.37,4.7,11.74,46,1378,0.564,9.06,18.8,2.63
8,29/11/2016,8:02:10,raw,yes,176,77.98,3.64,3.31,4.64,12.58,40,1438,0.573,8.97,18.9,2.55
12,29/8/2016,14:27:35,peroxide,no,49,82.95,3.25,3.39,4.63,12.22,21,1337,0.566,9.05,23.2,2.63
14,1/9/2016,13:17:23,formaldehyde,no,31,99.11,3.33,3.39,4.64,12.31,45,1286,0.568,9.05,16.8,2.63
5,1/12/2016,10:52:55,raw,yes,103,91.15,4.1,3.15,4.53,12.78,60,1451,0.566,8.67,16.1,2.42
3,18/4/2016,10:05:40,raw,yes,1691,92.82,3.72,3.33,4.14,12.2,40,1796,0.497,8.42,10.1,2.57
10,6/6/2016,8:42:50,raw,yes,314,95.54,3.44,3.35,4.33,11.86,91,1615,0.529,8.55,15,2.59
6,24/2/2017,9:07:53,raw,yes,502,92.07,3.52,3.31,4.47,12.31,69,1421,0.524,8.82,13.2,2.6
3,31/8/2018,12:16:06,peroxide,no,272,89.35,3.26,3.14,4.62,12,33,1511,0.531,8.94,17.5,2.41
7,31/8/2018,11:02:10,sucrose,no,438,86.34,3.46,3.01,5.25,12.63,92,1665,0.59,9.48,11.1,2.34
1,31/8/2018,11:42:59,formaldehyde,no,215,83.37,3.64,3.18,4.74,12.5,79,1679,0.548,9.11,14.2,2.43
4,10/3/2017,8:30:36,raw,yes,308,94.59,3.31,3.24,4.43,11.99,47,1322,0.516,8.71,15.3,2.56
15,31/8/2018,12:28:24,peroxide,no,325,89.29,3.81,3.43,4.81,13.01,36,1576,0.561,9.48,24.5,2.63
3,21/6/2017,9:49:12,raw,yes,436,87.48,3.75,3.34,4.5,12.62,28,1441,0.533,9.14,13.7,2.61
18,31/8/2018,12:05:18,formaldehyde,no,437,90.28,3.74,3.31,4.73,12.76,79,1605,0.55,9.25,13.6,2.53
7,13/6/2017,10:12:32,raw,yes,366,93.68,3.44,3.45,4.56,12.46,18,1332,0.537,9.35,15.8,2.71
13,31/8/2018,12:28:06,peroxide,no,555,92.44,3.26,3.09,4.54,11.86,35,1617,0.523,8.8,18.3,2.33
4,29/8/2016,14:22:37,sucrose,no,46,85,3.44,3.35,5.28,13,57,1691,0.633,9.69,11.2,2.63
1,14/8/2018,14:32:04,raw,yes,231,81.44,4.12,3.31,4.71,13.11,34,1176,0.55,9.3,14.3,2.66
5,14/7/2016,11:03:24,raw,yes,262,94.77,3.9,3.33,4.39,12.6,10,1368,0.552,8.67,6.8,2.58
1,16/5/2016,10:01:51,raw,yes,355,87.74,3.2,3.3,4.23,11.72,27,1498,0.496,8.48,12.9,2.57
6,24/3/2016,8:59:20,raw,yes,511,94.28,3.54,3.25,4.32,12.11,28,1688,0.504,8.51,13.9,2.52
14,13/8/2018,14:50:37,formaldehyde,no,277,89.15,4.11,3.32,4.7,13.11,28,1145,0.552,9.31,13.5,2.65
3,30/10/2017,11:16:18,raw,yes,154,84.5,3.7,3.24,4.74,12.67,25,1438,0.554,9.33,15.9,2.48
4,5/9/2016,9:05:24,raw,yes,437,96.13,3.81,3.41,4.51,12.7,45,1357,0.563,8.94,12.2,2.64
12,3/9/2018,9:27:56,starch,no,137,81.93,3.15,3.38,4.89,12.32,74,1480,0.559,9.5,2.8,2.65
19,31/8/2018,11:20:33,bicarbonate,no,784,91.8,3.8,3.37,4.18,12.43,48,1161,0.502,8.74,0.8,2.6
6,29/8/2016,14:26:41,starch,no,88,84,3.4,3.39,4.66,12.4,43,1292,0.572,9.08,10.7,2.64
5,27/12/2016,11:21:45,raw,yes,552,82.4,3.59,3.23,4.51,12.35,68,1400,0.557,8.73,12.5,2.49
10,19/9/2016,13:34:08,bicarbonate,no,176,87.53,3.85,3.32,4.68,12.86,18,1220,0.579,9,10.5,2.56
8,26/8/2016,8:15:51,raw,yes,479,85.57,3.57,3.24,4.56,12.35,58,1441,0.561,8.8,11.3,2.49
7,11/2/2016,12:24:51,raw,yes,282,95.8,3.27,3.16,4.42,11.89,39,1564,0.51,8.68,11,2.35
3,13/8/2018,14:40:08,sucrose,no,269,88.09,4.12,3.3,4.94,13.31,38,1266,0.574,9.55,14.2,2.65
3,9/8/2016,8:50:31,raw,yes,399,90.07,3.39,3.4,4.42,12.27,39,1330,0.546,8.83,9.5,2.67
9,8/8/2016,8:45:13,raw,yes,335,87.94,3.42,3.41,4.41,12.3,46,1339,0.545,8.83,11.5,2.66
9,26/8/2016,12:38:02,raw,yes,950,85.7,3.77,3.2,4.44,12.4,53,1369,0.552,8.64,10.4,2.47
7,19/2/2016,8:15:39,raw,yes,455,92.09,3.78,3.2,4.39,12.34,59,1774,0.509,8.5,16.6,2.48
16,19/9/2016,15:37:06,formaldehyde,no,190,90.6,3.81,3.3,4.69,12.79,45,1295,0.578,8.97,15.2,2.58
1,22/5/2017,10:04:36,raw,yes,217,92.36,4,3.26,4.65,12.87,18,1429,0.549,9.21,13.7,2.56
7,9/3/2017,8:25:26,raw,yes,351,82.82,3.5,3.3,4.49,12.3,64,1429,0.525,8.83,14.8,2.59
2,13/6/2016,11:34:59,raw,yes,423,97.7,3.84,3.13,4.47,12.19,113,2217,0.52,8.45,6.6,2.39
8,12/5/2017,9:14:07,raw,yes,867,67.91,3.96,3.34,4.48,12.79,25,1425,0.532,9.1,13.1,2.62
8,12/5/2017,8:45:06,raw,yes,504,68.09,3.91,3.41,4.47,12.81,25,1423,0.531,9.18,14.1,2.68
2,14/1/2016,12:54:19,raw,yes,846,92.2,3.29,3.18,4.45,12.22,28,1727,0.494,8.79,8.8,2.38
17,31/8/2018,10:33:17,sucrose,no,232,78.99,3.29,3.25,5.15,12.64,94,1737,0.581,9.64,8.1,2.52
8,25/5/2017,8:58:37,raw,yes,227,90.86,4.03,3.26,4.65,12.92,17,1423,0.55,9.22,13.7,2.55
10,17/5/2017,9:04:33,raw,yes,651,94.69,3.95,3.38,4.41,12.74,24,1388,0.527,9.09,13.9,2.64
10,13/11/2017,8:56:55,raw,yes,174,85.63,4.13,3.16,4.75,13.03,21,1326,0.56,9.26,16.7,2.44
7,26/4/2016,9:17:53,raw,yes,1688,94.89,3.75,3.34,4.16,12.27,33,1794,0.498,8.45,11.1,2.57
3,18/2/2016,12:41:06,raw,yes,440,95.71,3.77,3.2,4.38,12.33,45,1795,0.509,8.49,15.2,2.49
9,21/6/2017,9:41:29,raw,yes,327,90.37,3.43,3.46,4.56,12.46,20,1341,0.537,9.36,16,2.71
9,17/3/2016,9:25:03,raw,yes,626,92.09,3.47,3.31,4.37,12.13,29,1634,0.508,8.62,16.9,2.58
4,16/11/2017,11:39:55,raw,yes,172,84.94,4.12,3.16,4.7,12.97,20,1292,0.558,9.22,11.2,2.42
4,31/8/2018,11:40:10,formaldehyde,no,3616,93.66,3.38,3.19,4.44,12,73,1449,0.518,8.81,11.2,2.45
4,23/5/2016,11:31:09,raw,yes,366,98.68,3.41,3.29,4.3,11.97,37,1535,0.503,8.51,11.8,2.56
8,10/8/2017,8:09:38,raw,yes,179,95.89,4.19,3.48,4.65,13.29,22,1467,0.556,9.49,14.5,2.76
8,13/8/2018,14:49:43,bicarbonate,no,290,90.89,4.14,3.33,4.71,13.14,25,1144,0.553,9.32,14,2.65
15,26/9/2016,14:00:49,formaldehyde,no,201,93.84,3.84,3.32,4.67,12.81,81,1295,0.577,8.98,16.4,2.6
9,17/10/2016,8:22:38,raw,yes,467,83.63,3.55,3.19,4.55,12.29,60,1440,0.558,8.7,13.8,2.44
5,2/9/2016,8:14:38,raw,yes,393,93.57,3.81,3.41,4.51,12.7,46,1347,0.564,8.95,11.1,2.65
5,6/9/2017,10:09:43,raw,yes,458,89.17,3.96,3.2,4.59,12.77,21,1374,0.542,9.13,13.1,2.52
18,31/8/2018,12:21:37,peroxide,no,218,89.7,3.45,3.4,4.66,12.47,23,1457,0.542,9.27,17.8,2.62
4,31/8/2018,10:34:35,sucrose,no,127,76.22,2.24,3.43,5.39,12.12,345,2181,0.587,10.1,27.5,2.48
6,25/8/2016,7:38:39,raw,yes,467,87.79,3.57,3.23,4.56,12.33,54,1427,0.561,8.8,10.3,2.49
10,22/9/2016,14:09:31,bicarbonate,no,139,91.5,3.89,3.34,4.69,12.91,24,1248,0.58,9.02,11.5,2.57
4,19/9/2016,13:33:14,sucrose,no,203,93.63,3.67,3.28,5.22,13.13,50,1566,0.628,9.51,15.8,2.6
5,12/5/2017,8:44:39,raw,yes,582,67.19,3.89,3.41,4.45,12.77,23,1425,0.529,9.15,13.1,2.68
11,31/8/2018,11:37:57,bicarbonate,no,177,72.48,4.53,3.53,4.58,13.66,30,1148,0.551,9.35,11.8,2.74
8,17/6/2016,8:37:46,raw,yes,456,96.16,3.86,3.28,4.37,12.25,65,1858,0.511,8.51,14.6,2.52
7,2/9/2016,9:08:53,raw,yes,485,97.55,3.8,3.4,4.49,12.67,40,1352,0.561,8.92,10.7,2.65
11,15/9/2016,14:07:32,peroxide,no,4,87.88,2.73,3.38,4.7,11.77,43,1376,0.564,9.08,18.5,2.63
8,31/8/2018,10:35:11,sucrose,no,585,90.76,3.72,3.25,5.1,12.96,90,1720,0.584,9.58,10,2.54
5,23/2/2016,14:41:18,raw,yes,640,93.37,3.62,3.23,4.49,12.36,52,1808,0.515,8.63,9.9,2.49
6,5/7/2017,9:39:51,raw,yes,169,95.02,4.07,3.55,4.64,13.27,24,1417,0.555,9.55,14.3,2.79
11,31/8/2018,10:43:11,sucrose,no,1211,92.35,3.96,3.25,5.02,13.17,102,1765,0.579,9.5,6.7,2.51
5,4/5/2016,15:18:39,raw,yes,481,90.31,3.63,3.26,4.27,12.17,37,1522,0.503,8.48,9.4,2.53
7,19/4/2017,8:15:53,raw,yes,347,90.43,3.87,3.39,4.59,12.75,105,1230,0.507,8.91,12.3,2.63
8,31/8/2018,12:13:35,peroxide,no,541,89.74,4.28,3.32,4.52,13.12,92,1851,0.538,9.04,29,2.53
13,29/8/2016,14:27:44,peroxide,no,58,89.58,3.25,3.38,4.63,12.21,5,1386,0.566,9.03,32.3,2.6
8,9/8/2016,8:51:16,raw,yes,362,90.46,3.41,3.42,4.41,12.29,49,1341,0.546,8.84,10,2.66
2,27/12/2016,11:16:03,raw,yes,586,77.24,3.61,3.22,4.52,12.35,69,1374,0.557,8.72,12.2,2.48
7,20/10/2017,9:31:21,raw,yes,175,83.38,3.71,3.22,4.73,12.66,21,1417,0.553,9.3,12.7,2.47
11,21/9/2016,14:01:28,peroxide,no,169,91.5,3.92,3.32,4.66,12.89,64,1296,0.577,8.97,14.5,2.59
9,3/9/2018,9:04:56,starch,no,488,90.09,3.78,3.22,4.86,12.82,72,1265,0.562,9.29,6.7,2.53
2,14/7/2016,7:39:49,raw,yes,370,98.57,3.84,3.29,4.31,12.43,9,1404,0.541,8.53,13.2,2.53
4,3/10/2016,14:14:27,sucrose,no,38,90.77,3.51,3.3,5.15,12.91,58,1653,0.62,9.47,16.6,2.59
4,22/8/2016,8:37:11,raw,yes,430,91.1,3.68,3.23,4.54,12.42,52,1432,0.56,8.77,9.9,2.48
13,6/8/2018,15:57:57,peroxide,no,240,88.95,3.75,3.57,4.72,13.01,14,1219,0.554,9.62,28,2.83
6,30/3/2017,15:17:00,raw,yes,226,92.88,3.47,3.4,4.47,12.34,69,1370,0.525,9.11,14.4,2.65
3,14/12/2016,7:59:39,raw,yes,129,91.11,4.11,3.16,4.54,12.81,44,1454,0.566,8.68,17.4,2.43
14,3/9/2018,9:17:05,starch,no,419,89.63,3.84,3.04,4.87,12.71,79,1404,0.561,9.11,3.5,2.37
6,4/8/2016,10:21:09,raw,yes,371,88.54,3.38,3.42,4.41,12.16,10,1319,0.514,8.79,8.5,2.68
4,31/8/2018,11:33:38,bicarbonate,no,964,94.37,3.99,3.17,4.34,12.48,21,1474,0.518,8.68,4.6,2.38
2,15/6/2016,9:02:10,raw,yes,492,97.82,3.82,3.27,4.37,12.19,47,1866,0.51,8.49,16.8,2.53
6,5/10/2016,9:19:50,raw,yes,155,89.13,3.3,3.42,4.59,12.29,39,1469,0.563,9.01,15.9,2.66
5,20/2/2017,8:31:35,raw,yes,290,96.33,3.77,3.17,4.55,12.48,46,1329,0.533,8.75,12.6,2.5
15,5/10/2016,14:25:54,formaldehyde,no,83,91.28,3.55,3.4,4.58,12.5,50,1349,0.566,8.98,17,2.66
20,31/8/2018,12:45:48,peroxide,no,497,89.13,2.8,3.47,4.68,11.94,37,1403,0.535,9.38,19.2,2.7
3,12/5/2016,7:56:42,raw,yes,530,89.14,3.61,3.27,4.27,12.16,31,1531,0.503,8.49,10.3,2.52
6,18/3/2016,8:27:19,raw,yes,624,91.57,3.48,3.3,4.36,12.13,33,1623,0.507,8.6,17.3,2.58
16,31/8/2018,11:55:13,formaldehyde,no,131,78.59,3.96,3.7,4.8,13.42,55,1670,0.567,9.78,13.8,2.89
3,17/3/2017,8:19:37,raw,yes,359,93.56,3.3,3.25,4.46,12.01,51,1336,0.519,8.75,15.9,2.56
4,3/9/2018,9:39:58,starch,no,478,92.42,2.94,3.17,4.92,11.96,49,1340,0.555,9.3,6.4,2.5
10,27/4/2016,8:28:44,raw,yes,590,90.54,3.64,3.35,4.24,12.24,33,1582,0.502,8.54,11.9,2.59
9,4/10/2016,14:10:33,bicarbonate,no,62,90.56,3.59,3.4,4.6,12.57,36,1275,0.568,9,13.4,2.65
4,31/8/2018,11:28:05,bicarbonate,no,778,88.61,3.67,2.95,4.43,12.11,148,1498,0.516,8.52,22.1,2.16
3,13/8/2018,14:42:51,sucrose,no,279,92.66,4.11,3.3,4.94,13.3,33,1271,0.573,9.54,14.3,2.65
4,21/12/2016,10:13:26,raw,yes,144,92.49,3.74,3.18,4.63,12.55,55,1368,0.571,8.8,13.7,2.45
12,23/8/2016,14:00:38,peroxide,no,58,90.1,3.44,3.39,4.73,12.54,29,1494,0.579,9.15,18.8,2.61
14,19/9/2016,13:30:54,formaldehyde,no,175,91.48,3.68,3.31,4.67,12.64,44,1301,0.574,8.96,16.8,2.59
13,31/8/2018,11:09:47,bicarbonate,no,246,83.37,3.62,3.33,4.61,12.53,20,1391,0.539,9.14,9.5,2.56
4,16/6/2017,8:49:26,raw,yes,351,92.33,3.44,3.46,4.56,12.47,19,1355,0.537,9.36,14.4,2.72
5,9/10/2017,11:00:51,raw,yes,125,85.66,3.39,3.24,4.68,12.27,21,1338,0.543,9.25,11.8,2.5
2,29/2/2016,11:38:31,raw,yes,669,96.73,3.39,3.14,4.34,11.87,39,1694,0.502,8.37,11.9,2.44
9,11/11/2016,12:28:54,raw,yes,513,90.34,3.45,3.2,4.57,12.23,48,1422,0.559,8.75,13.1,2.47
8,20/9/2017,7:53:09,raw,yes,570,79.26,3.57,3.28,4.56,12.39,35,1462,0.535,9.17,12.5,2.53
5,3/10/2016,13:49:05,starch,no,87,89.52,3.52,3.4,4.6,12.49,57,1272,0.567,9,15.6,2.65
5,26/7/2016,8:25:18,raw,yes,251,88.31,3.89,3.35,4.45,12.63,9,1402,0.554,8.74,7,2.59
5,5/7/2017,9:37:39,raw,yes,152,94.32,4.07,3.54,4.64,13.25,20,1429,0.555,9.54,16.7,2.79
4,16/5/2016,10:02:18,raw,yes,383,86.94,3.22,3.31,4.22,11.76,31,1483,0.496,8.48,13.8,2.57
12,31/8/2018,10:49:52,sucrose,no,412,89.43,3.08,3.09,5.5,12.59,157,2000,0.607,9.83,3.5,2.3
4,12/9/2016,11:49:04,sucrose,no,6,90,2.69,3.34,5.21,12.16,51,1626,0.614,9.57,17,2.63
5,20/4/2017,14:55:43,raw,yes,631,89.81,3.88,3.37,4.4,12.58,69,1471,0.525,8.68,23,2.56
9,26/6/2017,8:45:45,raw,yes,409,89.2,3.73,3.33,4.5,12.6,25,1449,0.533,9.14,15.1,2.61
2,14/8/2017,13:20:07,raw,yes,596,86.73,3.76,3.3,4.54,12.58,25,1478,0.535,9.15,10.6,2.59
16,8/8/2018,14:39:55,formaldehyde,no,225,82.05,3.73,3.58,4.74,13.01,35,1205,0.556,9.66,20,2.86
18,31/8/2018,11:55:31,formaldehyde,no,988,92.26,3.58,3.15,4.37,12.1,63,1499,0.514,8.69,9.5,2.43
1,13/9/2016,14:20:24,raw,yes,8,87.84,2.72,3.37,4.69,11.73,38,1367,0.563,9.05,17.8,2.64
15,13/8/2018,14:56:48,formaldehyde,no,204,80.8,3.73,3.58,4.76,13.02,35,1246,0.557,9.67,20.8,2.88
16,31/8/2018,11:45:14,formaldehyde,no,191,84.78,3.15,3.16,4.65,11.94,88,1994,0.533,9,18.3,2.38
5,29/8/2016,12:15:12,starch,no,51,89.16,3.34,3.4,4.64,12.33,45,1275,0.569,9.07,15.7,2.65
8,31/8/2018,10:59:03,sucrose,no,940,92.94,3.99,3.42,5.01,13.36,92,1579,0.581,9.68,7.4,2.69
3,12/12/2016,8:12:00,raw,yes,134,93.69,4.13,3.17,4.53,12.84,59,1466,0.567,8.7,17.1,2.41
9,29/9/2016,14:11:03,bicarbonate,no,29,90.18,3.59,3.34,4.62,12.53,38,1308,0.569,8.95,15.7,2.58
5,22/3/2017,8:44:56,raw,yes,278,94.53,3.27,3.25,4.45,11.98,53,1347,0.516,8.89,13.2,2.6
6,31/8/2018,10:55:29,sucrose,no,388,87.36,3.82,3.01,5.1,12.84,93,1750,0.581,9.31,17.2,2.32
12,6/8/2018,14:11:36,peroxide,no,269,88.46,3.87,3.56,4.68,13.07,20,1160,0.553,9.57,20.4,2.83
9,3/10/2016,10:55:25,raw,yes,182,78.45,3.3,3.45,4.63,12.36,49,1444,0.568,9.1,15.2,2.69
16,20/9/2016,14:57:48,formaldehyde,no,197,90.85,3.8,3.31,4.69,12.79,54,1305,0.579,8.99,15.1,2.59
14,5/10/2016,14:25:45,formaldehyde,no,57,89.35,3.53,3.4,4.58,12.48,53,1324,0.565,8.97,16,2.66
10,14/8/2017,8:22:05,raw,yes,168,94.97,4.2,3.49,4.65,13.31,31,1464,0.556,9.5,14.7,2.76
6,21/6/2017,9:50:40,raw,yes,436,87.25,3.75,3.34,4.49,12.61,30,1454,0.532,9.14,15.7,2.61
8,27/5/2016,8:15:49,raw,yes,344,98.22,3.46,3.32,4.31,11.83,57,1626,0.526,8.49,19.5,2.57
4,11/10/2016,8:04:59,raw,yes,168,88.83,3.3,3.38,4.64,12.3,66,1549,0.566,9.01,10.9,2.6
4,7/8/2017,10:09:18,raw,yes,184,97.07,4.19,3.49,4.66,13.31,23,1476,0.557,9.51,13,2.75
1,22/8/2016,16:00:33,raw,yes,50,92.31,3.45,3.37,4.75,12.53,37,1395,0.58,9.14,12,2.62
12,9/8/2018,14:16:44,peroxide,no,231,86.65,3.85,3.59,4.68,13.08,29,1201,0.553,9.6,20.8,2.86
1,8/8/2018,14:37:40,raw,yes,210,81.29,3.77,3.57,4.74,13.05,28,1201,0.553,9.65,18.4,2.87
9,5/9/2016,14:11:24,bicarbonate,no,17,93.41,3.18,3.42,4.65,12.21,33,1306,0.568,9.11,16.2,2.63
12,31/8/2018,10:32:32,sucrose,no,352,87.16,3.93,3.22,5.27,13.34,102,1661,0.601,9.74,7.1,2.5
1,29/8/2016,14:25:56,raw,yes,58,88.54,3.34,3.38,4.63,12.28,44,1280,0.567,9.03,12.6,2.65
17,31/8/2018,12:28:42,peroxide,no,678,91.29,3.43,3.31,4.45,12.17,62,1443,0.521,8.95,17.8,2.53
2,12/9/2016,11:45:10,sucrose,no,4,92.19,2.73,3.35,4.74,11.76,34,1378,0.567,9.09,15.8,2.63
5,19/7/2017,8:01:51,raw,yes,167,96.3,4.06,3.54,4.65,13.23,25,1447,0.555,9.56,15.7,2.8
9,5/5/2016,8:48:01,raw,yes,447,91.86,3.64,3.27,4.27,12.19,34,1499,0.503,8.49,10.4,2.53
1,21/11/2016,12:40:16,raw,yes,192,95.72,3.64,3.33,4.65,12.6,50,1419,0.574,8.99,18,2.56
1,29/8/2016,12:10:07,raw,yes,48,90,3.32,3.37,4.62,12.25,49,1296,0.567,9.01,14.3,2.65
4,22/5/2017,9:21:07,raw,yes,229,95.04,4.03,3.26,4.66,12.93,20,1423,0.551,9.24,13.5,2.56
6,31/8/2018,12:37:05,peroxide,no,1108,93.85,3.96,3.32,4.5,12.78,69,1622,0.533,9.02,31.5,2.55
5,17/7/2017,11:29:44,raw,yes,149,97.02,4.07,3.54,4.65,13.24,28,1430,0.556,9.56,15.9,2.8
10,11/11/2016,12:29:03,raw,yes,534,92.17,3.45,3.2,4.57,12.23,48,1412,0.559,8.75,11.1,2.46
5,10/10/2016,15:29:27,starch,no,80,91.86,3.56,3.39,4.6,12.53,44,1332,0.567,8.99,14.8,2.65
4,16/12/2016,8:21:44,raw,yes,145,91.12,3.74,3.19,4.64,12.55,45,1341,0.571,8.81,12,2.45
6,13/9/2016,8:05:40,raw,yes,457,90.83,3.55,3.16,4.54,12.24,57,1404,0.557,8.67,11.8,2.44
8,3/10/2016,13:53:34,bicarbonate,no,73,91.84,3.53,3.4,4.6,12.5,36,1305,0.567,9,16.3,2.66
7,3/10/2016,13:53:25,starch,no,173,87.35,3.57,3.4,4.71,12.65,59,1316,0.579,9.11,7.6,2.66
3,31/8/2016,9:45:42,raw,yes,512,95.71,3.84,3.38,4.49,12.69,43,1356,0.562,8.9,10.5,2.64
11,9/8/2018,14:16:35,peroxide,no,235,87.62,3.83,3.59,4.7,13.08,28,1166,0.551,9.62,21.1,2.86
7,29/8/2016,12:11:01,starch,no,107,85.64,3.41,3.4,4.73,12.48,59,1290,0.579,9.17,5.2,2.63
6,4/8/2017,8:31:34,raw,yes,197,96.59,4.19,3.48,4.66,13.3,23,1451,0.557,9.5,13.9,2.75
11,31/8/2018,10:59:30,sucrose,no,228,86.94,3.4,3.08,5.1,12.52,74,1666,0.576,9.39,3.9,2.39
8,14/9/2016,8:08:55,raw,yes,405,89.15,3.56,3.16,4.54,12.25,49,1404,0.557,8.66,12,2.43
5,26/9/2016,15:43:49,starch,no,53,89.02,3.55,3.33,4.62,12.48,48,1306,0.568,8.94,14.1,2.6
11,31/8/2018,10:56:14,sucrose,no,172,87.4,4.08,3.45,5.22,13.68,108,1766,0.602,9.94,12.4,2.71
4,12/1/2017,12:05:25,raw,yes,142,86.93,3.57,3.18,4.5,12.22,44,1290,0.555,8.66,13.1,2.47
17,31/8/2018,11:45:23,formaldehyde,no,920,90.35,3.34,3.32,4.59,12.22,98,1653,0.532,9.11,14.7,2.52
4,1/11/2016,9:01:48,raw,yes,362,97.49,3.75,3.3,4.61,12.66,46,1426,0.57,8.9,16.3,2.56
1,4/10/2016,11:57:42,raw,yes,150,89.58,3.31,3.4,4.59,12.28,41,1425,0.562,8.99,14.6,2.66
15,20/8/2018,14:48:47,formaldehyde,no,276,91,4.12,3.34,4.72,13.15,34,1182,0.554,9.35,14.2,2.66
11,21/9/2016,13:58:15,peroxide,no,171,92.25,3.93,3.31,4.65,12.89,56,1321,0.577,8.95,18.5,2.6
8,2/9/2016,8:15:05,raw,yes,383,95.08,3.82,3.41,4.5,12.7,39,1359,0.562,8.93,12.3,2.65
10,5/4/2016,12:11:49,raw,yes,1104,92.57,3.12,3.33,4.06,11.52,37,1517,0.483,8.32,15.7,2.61
8,26/4/2016,9:18:02,raw,yes,1690,95.6,3.72,3.35,4.18,12.27,32,1831,0.5,8.49,12.5,2.59
5,31/5/2017,8:49:09,raw,yes,210,90.14,4.03,3.26,4.66,12.91,15,1448,0.55,9.22,11.3,2.55
11,3/10/2016,14:12:19,peroxide,no,53,92.41,3.55,3.34,4.6,12.47,48,1338,0.566,8.93,16,2.59
5,28/4/2016,11:02:41,raw,yes,648,85.11,3.63,3.35,4.24,12.23,30,1571,0.503,8.55,10.5,2.58
14,28/9/2016,13:53:48,formaldehyde,no,31,85.37,3.51,3.33,4.61,12.43,52,1324,0.567,8.93,17.8,2.59
5,17/11/2017,8:33:13,raw,yes,180,82.78,4.13,3.16,4.73,13,19,1298,0.56,9.26,15.4,2.44
1,31/8/2018,10:51:29,sucrose,no,613,88.4,3.52,3.28,4.97,12.73,90,1409,0.569,9.48,5.3,2.59
5,31/8/2018,11:40:19,formaldehyde,no,1070,93.86,3.31,2.79,4.32,11.37,76,1218,0.5,8.21,3.4,2.13
11,31/8/2018,11:22:37,bicarbonate,no,207,82.08,3.24,3.13,4.66,12,3,1364,0.535,8.97,7.2,2.38
5,17/7/2017,11:27:42,raw,yes,149,94.76,4.05,3.55,4.66,13.23,22,1419,0.556,9.58,15.6,2.8
5,2/6/2017,8:45:34,raw,yes,192,80.62,4.03,3.26,4.67,12.93,20,1429,0.551,9.24,13.7,2.56
9,29/1/2016,8:34:53,raw,yes,806,95.99,3.53,3.25,4.41,12.25,46,1682,0.513,8.79,12.4,2.44
1,26/10/2016,8:26:37,raw,yes,478,94.6,3.45,3.17,4.54,12.16,46,1390,0.555,8.68,13.5,2.44
6,24/5/2017,9:00:19,raw,yes,243,92.75,4.02,3.26,4.66,12.92,17,1432,0.551,9.23,14.8,2.55
10,21/9/2016,13:58:06,bicarbonate,no,162,89.34,3.89,3.33,4.69,12.91,20,1250,0.58,9.02,11.8,2.57
4,20/4/2017,14:57:39,raw,yes,626,90.99,3.91,3.36,4.41,12.61,65,1476,0.527,8.69,26.4,2.57
10,13/8/2018,14:56:03,bicarbonate,no,212,84.57,3.71,3.62,4.8,13.09,12,1231,0.558,9.76,17.8,2.88
4,14/9/2016,13:57:19,sucrose,no,6,87.14,2.69,3.34,5.23,12.18,44,1649,0.615,9.58,16,2.63
5,31/8/2018,12:19:39,peroxide,no,198,86.98,3.8,3.31,4.71,12.79,55,1572,0.549,9.24,31.4,2.53
4,18/2/2016,12:39:12,raw,yes,409,96.85,3.77,3.18,4.38,12.31,36,1811,0.509,8.47,14.3,2.48
6,6/6/2016,14:48:49,raw,yes,340,97.14,3.44,3.34,4.32,11.84,48,1632,0.527,8.53,13.2,2.6
13,31/8/2018,11:41:31,formaldehyde,no,650,91.19,3.4,2.96,4.69,12.02,75,1410,0.537,8.82,13.9,2.28
3,15/3/2016,9:01:51,raw,yes,635,94.93,3.45,3.3,4.36,12.09,25,1655,0.507,8.6,15,2.57
6,10/7/2017,8:21:36,raw,yes,129,89.64,4.07,3.55,4.64,13.27,23,1435,0.555,9.55,14.8,2.78
16,13/8/2018,14:44:48,formaldehyde,no,349,90.69,4.43,3.31,4.7,13.41,31,1145,0.556,9.29,13.4,2.63
4,20/9/2016,14:52:16,sucrose,no,176,91.53,3.71,3.27,5.21,13.15,51,1565,0.628,9.49,15,2.59
4,3/10/2016,15:15:49,sucrose,no,71,91.75,3.46,3.36,5.13,12.9,58,1569,0.618,9.51,16.3,2.65
3,29/7/2016,10:45:43,raw,yes,374,93,3.41,3.42,4.42,12.19,9,1314,0.545,8.78,6.9,2.66
8,3/5/2017,9:09:20,raw,yes,480,88.17,3.98,3.35,4.42,12.78,21,1314,0.526,8.83,13.7,2.59
2,21/10/2016,14:33:14,raw,yes,470,94.43,3.44,3.16,4.52,12.13,52,1369,0.554,8.66,13.4,2.45
9,22/9/2016,14:09:22,bicarbonate,no,196,95.18,3.82,3.32,4.67,12.8,34,1280,0.577,8.98,14.5,2.58
13,31/8/2018,11:44:47,formaldehyde,no,822,90.02,3.09,3.08,4.44,11.59,58,1306,0.512,8.68,5,2.38
6,25/1/2017,8:04:16,raw,yes,133,95.93,3.18,3.15,4.6,11.87,60,1298,0.529,8.8,14.7,2.45
17,31/8/2018,12:32:09,peroxide,no,285,78.81,4.34,3.39,4.77,13.65,394,1261,0.559,9.38,25.4,2.46
5,21/7/2017,8:47:13,raw,yes,144,94.58,4.07,3.54,4.66,13.24,23,1456,0.556,9.56,16.3,2.81
10,3/2/2016,9:01:18,raw,yes,810,94.62,3.95,3.12,4.34,12.47,47,1568,0.512,8.56,11.5,2.35
14,12/9/2016,11:47:27,formaldehyde,no,3,96.43,2.73,3.36,4.68,11.73,38,1364,0.562,9.04,16.8,2.62
14,10/10/2016,15:33:59,formaldehyde,no,57,87.22,3.55,3.39,4.58,12.5,58,1355,0.566,8.97,19,2.65
1,19/9/2016,15:34:51,raw,yes,169,89.22,3.72,3.28,4.65,12.64,35,1277,0.573,8.92,13.7,2.58
2,22/10/2016,8:09:13,raw,yes,511,86.82,3.42,3.16,4.54,12.13,44,1407,0.555,8.68,14.9,2.45
13,22/9/2016,14:05:57,peroxide,no,161,93.82,3.87,3.32,4.65,12.83,34,1367,0.576,8.96,26.8,2.56
3,6/4/2016,8:42:00,raw,yes,1092,90.82,3.12,3.34,4.07,11.54,32,1514,0.484,8.34,13.4,2.6
9,14/9/2016,13:58:04,bicarbonate,no,11,82.56,2.72,3.39,4.71,11.79,29,1358,0.566,9.11,15.9,2.62
5,31/8/2018,10:45:33,sucrose,no,390,89.85,3.15,2.87,5.02,11.97,83,1831,0.562,9.07,13.2,2.2
1,7/11/2016,8:14:40,raw,yes,283,96.85,3.69,3.3,4.61,12.59,64,1420,0.57,8.91,14.4,2.57
20,31/8/2018,10:36:59,sucrose,no,459,87.85,4.04,3.38,5.06,13.41,97,1913,0.586,9.69,5.7,2.63
1,12/9/2016,9:13:05,raw,yes,454,92.9,3.55,3.17,4.54,12.25,60,1412,0.556,8.67,10.9,2.44
1,30/8/2016,14:14:12,raw,yes,61,80.56,3.3,3.38,4.63,12.26,41,1297,0.567,9.03,15.3,2.65
7,29/9/2016,14:13:33,starch,no,99,90.48,3.65,3.32,4.72,12.67,58,1332,0.579,9.03,7.2,2.58
2,21/12/2016,10:14:09,raw,yes,135,90.42,3.73,3.19,4.65,12.56,60,1366,0.572,8.83,13.7,2.45
7,22/9/2016,14:05:03,starch,no,229,93.12,3.84,3.31,4.78,12.92,71,1286,0.588,9.09,4.5,2.57
14,5/9/2016,14:08:50,formaldehyde,no,26,97.12,3.32,3.4,4.63,12.31,49,1280,0.568,9.06,16.3,2.63
7,23/2/2016,8:57:10,raw,yes,420,97.41,3.79,3.19,4.38,12.42,19,1721,0.508,8.48,17.4,2.47
2,26/10/2016,10:30:26,raw,yes,326,97.53,3.74,3.29,4.59,12.62,38,1389,0.568,8.87,16.2,2.54
18,31/8/2018,12:15:05,peroxide,no,460,90.98,3.8,3.27,4.6,12.64,45,1526,0.54,9.08,23.7,2.51
19,31/8/2018,10:54:11,sucrose,no,1202,91.87,3.49,3.05,5.07,12.57,96,1724,0.573,9.33,3.4,2.36
3,24/3/2016,11:40:36,raw,yes,363,95.12,3.38,3.26,4.31,11.94,35,1559,0.502,8.5,18.6,2.56
13,27/9/2016,13:59:28,peroxide,no,29,91.74,3.49,3.31,4.6,12.38,14,1432,0.565,8.9,26.8,2.56
3,26/6/2017,9:08:10,raw,yes,403,96.64,3.74,3.33,4.5,12.6,25,1472,0.533,9.14,14,2.61
7,13/8/2018,14:55:36,starch,no,272,84.1,3.69,3.61,5,13.22,37,1264,0.578,9.96,13.1,2.89
12,19/9/2016,15:36:30,peroxide,no,161,91.17,3.69,3.31,4.65,12.64,24,1337,0.572,8.94,21.5,2.57
1,6/9/2017,10:08:05,raw,yes,447,86.56,3.95,3.2,4.59,12.76,19,1368,0.542,9.13,11.3,2.53
5,28/3/2017,8:14:10,raw,yes,219,92.91,3.45,3.37,4.46,12.3,53,1349,0.524,9.07,10.2,2.64
4,14/12/2016,7:59:48,raw,yes,138,92.17,4.13,3.15,4.54,12.84,39,1454,0.566,8.67,16.8,2.42
4,18/2/2016,12:37:06,raw,yes,458,96.29,3.77,3.18,4.38,12.31,36,1823,0.509,8.47,14.5,2.48
1,21/6/2017,9:44:49,raw,yes,424,87.72,3.73,3.32,4.49,12.58,23,1451,0.532,9.12,14.7,2.61
2,11/11/2016,13:30:18,raw,yes,535,92.45,3.42,3.22,4.56,12.21,56,1417,0.558,8.76,13.7,2.47
1,20/10/2016,11:56:43,raw,yes,371,98.62,3.69,3.29,4.62,12.6,40,1454,0.571,8.9,12,2.54
19,31/8/2018,12:32:31,peroxide,no,223,85.32,3.3,3.02,4.82,12.11,53,1411,0.547,9.02,18.4,2.33
1,21/10/2016,14:35:07,raw,yes,487,93.27,3.41,3.17,4.53,12.11,51,1386,0.554,8.67,13.5,2.45
1,23/5/2016,11:31:43,raw,yes,347,98.48,3.4,3.29,4.32,11.96,34,1540,0.504,8.52,12,2.58
2,13/8/2018,14:54:51,sucrose,no,200,81.75,4.1,3.56,4.75,13.37,31,1214,0.561,9.64,19.6,2.87
1,22/9/2017,15:39:17,raw,yes,147,86,3.4,3.22,4.67,12.24,16,1263,0.542,9.21,8.8,2.49
10,14/8/2018,14:33:25,bicarbonate,no,298,88.35,4.15,3.35,4.73,13.2,14,1101,0.556,9.37,9.5,2.63
4,21/12/2016,10:11:23,raw,yes,139,91.37,3.76,3.19,4.62,12.56,61,1360,0.57,8.8,12.9,2.45
